record_id,action_at,action_status,category,event_at,event_id,event_notice_at,event_type,external_category,jll_category,notes,significant_flag
9999,1427760001,Actioned,event_category_1,1396224001,1,1559365201,Termination,test_external_category_1,test_category_1,test_notes_1,FALSE
9999,1427760002,Actioned,event_category_2,1396224002,2,1559365202,Renewal,test_external_category_2,test_category_2,test_notes_2,FALSE
8888,1427760003,Actioned,event_category_3,1396224003,3,1559365203,ROFR,test_external_category_3,test_category_3,test_notes_3,TRUE
8888,1427760004,Actioned,event_category_4,1396224004,4,1559365204,Termination,test_external_category_4,test_category_4,test_notes_4,TRUE
