record_id,area_type,building_and_land,building_and_land_SF,building_and_land_SM,building_only,building_only_SF,building_only_SM,land_only,land_only_SF,land_only_SM,vacant,vacant_sf,vacant_sm,building units,land units
107,Land,,,,,,,1.85,,,,,,,Acres
108,Land,,,,0,,,6.29,,,,,,,Acres
109,Land,,,,0,,,205,,,,,,,Acres
111,Terminal - Land Lease,,,,0,,,9.5,,,,,,,Acres
117,Surplus - Land,,,,0,,,47,,,,,,,Acres
121,Office - Leased,,,,-4964,,,2.66,,,,,,1,Acres
122,Land,,,,0,,,1100,,,,,,,Acres
134,Land,,,,102.69,,,70,,,,,,3,Acres
136,Flex Space/Showroom/Etc.,,,,6583,,,0,,,,,,1,
142,Land,,,,0,,,16.6,,,,,,,Acres
148,Land,,,,0,,,4500,,,,,,3,Acres
150,Land,,,,0,,,455,,,,,,,Acres
151,Land,,,,0,,,1102,,,,,,,Acres
161,Office - Leased,,,,49038,,,0,,,,,,1,
163,Office - Leased,,,,9215,,,0,,,,,,1,
167,Land,,,,1,,,100,,,,,,,SF
169,Land,,,,-107.6,,,-211.6,,,,,,3,Acres
174,Manufacturing/Plant/Industrial,,,,-5600,,,0,,,,,,1,
175,Manufacturing/Plant/Industrial,,,,-11772,,,0,,,,,,1,
176,Manufacturing/Plant/Industrial,,,,16000,,,0,,,,,,1,
187,Warehouse/Storage,,,,106000,,,0,,,,,,1,
188,Office - Leased,,,,2716,,,0,,,,,,1,
191,Office - Leased,,,,2541,,,,,,,,,1,
194,Land,,,,0,,,20.09,,,,,,,Acres
195,Land,,,,0,,,3.21,,,,,,,Acres
197,Land,,,,0,,,6.83,,,,,,,Acres
203,Office - Leased,,,,6377,,,0,,,,,,1,
211,Land,,,,-43560,,,0,,,,,,1,
212,Land,,,,,,,80,,,,,,,Acres
213,Refinery,,,,0,,,140,,,,,,,Acres
214,Land,,,,0,,,-14,,,,,,,Acres
215,Refinery,,,,0,,,-55,,,,,,,Acres
216,Refinery,,,,,,,-511,,,,,,,Acres
218,Refinery,,,,0,,,50,,,,,,,Acres
219,Refinery,,,,0,,,79,,,,,,,Acres
220,Refinery,,,,0,,,56.84,,,,,,,Acres
221,Land,,,,0,,,-60,,,,,,1,Acres
222,Refinery,,,,0,,,7,,,,,,,Acres
223,Refinery,,,,0,,,-41,,,,,,,Acres
224,Land,,,,0,,,150,,,,,,,Acres
225,Terminal - Land Lease,,,,0,,,10,,,,,,,Acres
228,Terminal - Land Lease,,,,0,,,8,,,,,,,Acres
233,Terminal - Land Lease,,,,0,,,16.23,,,,,,,Acres
242,Office and Parking Lot,,,,11337,,,0,,,,,,1,
251,Outside Storage Only,,,,0,,,20000,,,,,,,SF
259,Office - Leased,,,,945,,,,,,,,,1,
262,Office - Leased,,,,7500,,,0,,,,,,1,
266,Office - Owned,,,,7592,,,,,,,,,1,
283,Land,,,,,,,786.09,,,,,,,Acres
284,Land,,,,,,,11.62,,,,,,,SM
285,Land,,,,,,,15.51,,,,,,,Acres
286,Land,,,,,,,160,,,,,,,Acres
289,Office - Leased,,,,39149,,,,,,,,,1,
290,Office - Leased,,,,39149,,,,,,,,,1,
296,Office - Leased,,,,1084,,,,,,,,,1,
297,Office - Leased,,,,2012,,,,,,,,,1,
307,Hangar,,,,75416,,,,,,,,,1,
308,Hangar,,,,67019,,,,,,,,,1,
309,Hangar,,,,215666,,,,,,,,,1,
310,Hangar,,,,,,,2.92,,,,,,,Acres
311,Land,,,,,,,9.52,,,,,,,Acres
316,Office - Leased,,,,25894,,,,,,,,,1,
319,Office - Leased,,,,1601,,,,,,,,,1,
320,Office - Leased,,,,1016,,,,,,,,,1,
321,Office - Leased,,,,10041,,,,,,,,,1,
328,Manufacturing/Plant/Industrial,,,,100386,,,0,,,,,,1,
329,Land,,,,0,,,7.33,,,,,,,Acres
352,Office - Owned,,,,7592,,,,,,,,,1,
363,Land,,,,0,,,15.51,,,,,,,Acres
364,Manufacturing/Plant/Industrial,,,,-17850,,,0,,,,,,1,
365,Manufacturing/Plant/Industrial,,,,17850,,,0,,,,,,1,
368,Office - Leased,,,,39149,,,,,,,,,1,
402,Ranch,,,,,,,265,,,,,,,Acres
442,Terminal - Land Lease,,,,0,,,3.64,,,,,,,Acres
443,Terminal - Land Lease,,,,0,,,3.64,,,,,,,Acres
444,Terminal - Land Lease,,,,0,,,6.69,,,,,,,Acres
449,Ranch,,,,,,,,,,,,,,
450,Ranch,,,,2179.48,,,2227.48,,,,,,3,Acres
451,Ranch,,,,0,,,640,,,,,,,Acres
452,Ranch,,,,,,,1120,,,,,,,Acres
453,Ranch,,,,0,,,1920,,,,,,,Acres
454,Ranch,,,,,,,1321.1,,,,,,,Acres
455,Ranch,,,,0,,,640,,,,,,,Acres
456,Ranch,,,,1585.24,,,1630.96,,,,,,3,Acres
457,Ranch,,,,,,,120,,,,,,,Acres
458,Ranch,,,,0,,,1922.52,,,,,,,Acres
459,Ranch,,,,,,,2560.44,,,,,,,Acres
460,Ranch,,,,0,,,1524.44,,,,,,,Acres
461,Ranch,,,,0,,,640,,,,,,,Acres
462,Ranch,,,,,,,640,,,,,,,Acres
463,Ranch,,,,,,,2160,,,,,,,Acres
464,Ranch,,,,0,,,2530.98,,,,,,,Acres
465,Ranch,,,,0,,,2280,,,,,,,Acres
466,Ranch,,,,,,,472.68,,,,,,,Acres
467,Ranch,,,,,,,80,,,,,,,Acres
468,Ranch,,,,,,,638.16,,,,,,,Acres
469,Ranch,,,,,,,1161.5,,,,,,,Acres
470,Ranch,,,,,,,2520,,,,,,,Acres
471,Ranch,,,,,,,520,,,,,,,Acres
472,Ranch,,,,,,,6928.3,,,,,,,Acres
473,Ranch,,,,,,,16759.2,,,,,,,Acres
474,Ranch,,,,,,,11846.93,,,,,,,Acres
475,Ranch,,,,,,,5280,,,,,,,Acres
476,Ranch,,,,,,,5538.59,,,,,,,Acres
477,Ranch,,,,0,,,400,,,,,,,Acres
478,Ranch,,,,0,,,640,,,,,,,Acres
479,Ranch,,,,,,,160,,,,,,,Acres
480,Ranch,,,,,,,3413.18,,,,,,,Acres
481,Ranch,,,,,,,1240.76,,,,,,,Acres
482,Ranch,,,,,,,,,,,,,,
483,Ranch,,,,,,,,,,,,,,
484,Ranch,,,,,,,1319.16,,,,,,,Acres
485,Ranch,,,,,,,240,,,,,,,Acres
487,Surplus - Land,,,,0,,,2000,,,,,,,SM
488,Ranch,,,,,,,280,,,,,,,Acres
506,Office - Leased,,,,2012,,,,,,,,,1,
525,Dock,,,,0,,,125.71,,,,,,3,Acres
526,Terminal - Land Lease,,,,0,,,10.33,,,,,,,Acres
538,Office - Leased,,,,1601,,,,,,,,,1,
539,Office - Leased,,,,1601,,,,,,,,,1,
547,Office - Leased,,,,1130,,,,,,,,,1,
585,Office - Leased,,,,800,,,,,,,,,2,
606,Office - Leased,,,,789.39,,,,,,,,,2,
628,Office - Leased,,,,615.33,,,,,,,,,2,
631,Office - Leased,,,,4222,,,,,,,,,1,
635,Office - Leased,,,,378,,,,,,,,,2,
640,Manufacturing/Plant/Industrial,,,,102032,,,,,,,,,2,
641,Lab/Research,,,,567,,,,,,,,,2,
708,Office - Leased,,,,1261.56,,,,,,,,,2,
709,Office - Leased,,,,622.23,,,,,,,,,2,
710,Lab/Research,,,,821.84,,,,,,,,,2,
711,Lab/Research,,,,177.14,,,,,,,,,2,
712,Lab/Research,,,,78.83,,,,,,,,,2,
714,Office - Leased,,,,112.74,,,,,,,,,2,
756,Surplus - Land,,,,0,,,11.76,,,,,,,Acres
757,Surplus - Land,,,,0,,,11.76,,,,,,,Acres
761,Land,,,,,,,15.4,,,,,,,Acres
770,Land,,,,0,,,541.8,,,,,,,Acres
775,Office - Leased,,,,1528,,,,,,,,,1,
777,Land,,,,,,,5.46,,,,,,,Acres
782,Manufacturing/Plant/Industrial,,,,2664,,,0,,,,,,1,
784,Manufacturing/Plant/Industrial,,,,3250,,,0,,,,,,1,
785,Manufacturing/Plant/Industrial,,,,0,,,7.59,,,,,,,Acres
786,Manufacturing/Plant/Industrial,,,,0,,,12.13,,,,,,1,Acres
787,Manufacturing/Plant/Industrial,,,,0,,,4.75,,,,,,,Acres
788,Manufacturing/Plant/Industrial,,,,0,,,22.12,,,,,,,Acres
789,Manufacturing/Plant/Industrial,,,,0,,,3.9,,,,,,,Acres
790,Manufacturing/Plant/Industrial,,,,0,,,1.2,,,,,,,Acres
791,Manufacturing/Plant/Industrial,,,,0,,,0.63,,,,,,,Acres
825,Office - Leased,,,,274.62,,,,,,,,,2,
840,Terminal - Product,,,,0,,,1,,,,,,,Acres
848,Office - Leased,,,,38902,,,,,,,,,1,
893,Manufacturing/Plant/Industrial,,,,1,,,,,,,,,1,
899,Lab/Research,,,,162.38,,,,,,,,,2,
901,Office - Leased,,,,,,,,,,,,,,
902,Office - Leased,,,,,,,,,,,,,,
914,Manufacturing/Plant/Industrial,,,,221,,,,,,,,,2,
927,Ranch,,,,,,,160,,,,,,,Acres
928,Office - Leased,,,,9746,,,,,,,,,1,
929,Warehouse/Storage,,,,5376,,,,,,,,,1,
936,Office - Leased,,,,248,,,,,,,,,1,
939,Manufacturing/Plant/Industrial,,,,11788,,,0,,,,,,1,
941,Office - Leased,,,,260,,,,,,,,,2,
943,Land,,,,0,,,21.98,,,,,,,Acres
945,Ranch,,,,,,,800,,,,,,,Acres
946,Refinery,,,,0,,,0,,,,,,,
949,Station,,,,0,,,-5,,,,,,,Acres
956,Land,,,,0,,,21.7,,,,,,,Acres
961,Land,,,,,,,91.45,,,,,,,Acres
963,Ranch,,,,,,,640,,,,,,,Acres
964,Ranch,,,,,,,2153.37,,,,,,,Acres
965,Ranch,,,,,,,640,,,,,,,Acres
969,Ranch,,,,,,,640,,,,,,,Acres
970,Office - Leased,,,,2030,,,,,,,,,2,
972,Office - Leased,,,,2012,,,,,,,,,1,
989,Land,,,,0,,,104,,,,,,,Acres
996,Office - Leased,,,,7826,,,,,,,,,1,
997,Office - Leased,,,,1084,,,,,,,,,1,
"Koch Properties Company, L.P. = Sublessor",3,,,,,,,,,,,,,"INSURANCE. During the Sublease Term, Sublessee shall maintain all types and amounts of insurance required of Sublessor, as Tenant, pursuant to Article VIII of the Prime Lease. With respect to such insurance, the Prime Lessor and Landlord Insureds shall be named as an additional insured on all such policies. Sublessee shall have the right to self-insure for any types or amounts of such required insurance coverages. A certificate of all such insurance (with all required endorsements attached) shall be delivered to Prime Lessor on or prior to execution of this Sublease Agreement.",
998,Office - Leased,,,,1084,,,,,,,,,1,
1000,Land,,,,0,,,-10.41,,,,,,,Acres
1002,Land,,,,0,,,38,,,,,,,Acres
1004,Office - Leased,,,,19345,,,,,,,,,1,
1005,Office - Leased,,,,19345,,,,,,,,,1,
1006,Office - Leased,,,,19557,,,,,,,,,1,
1007,Office - Leased,,,,19557,,,,,,,,,1,
1013,Office - Owned,,,,1,,,,,,,,,1,
1014,Office - Leased,,,,9746,,,,,,,,,1,
1015,Office - Leased,,,,9746,,,,,,,,,1,
1018,Office - Leased,,,,,,,,,,,,,,
1019,Office - Leased,,,,0,,,,,,,,,2,
1021,Land,,,,34480,,,7.7,,,,,,1,Acres
1022,Warehouse/Storage,,,,168000,,,0,,,,,,1,
1024,Land,,,,0,,,39.52,,,,,,,Acres
1025,Office - Leased,,,,139661,,,,,,,,,1,
1026,Office - Leased,,,,275.26,,,,,,,,,2,
1040,Manufacturing/Plant/Industrial,,,,160,,,,,,,,,2,
1043,Manufacturing/Plant/Industrial,,,,0,,,10.84,,,,,,,Acres
1055,Office - Leased,,,,3000,,,,,,,,,1,
1058,Other,,,,24,,,,,,,,,2,
1059,Manufacturing/Plant/Industrial,,,,19,,,,,,,,,2,
1061,Office - Leased,,,,49104,,,,,,,,,1,
1063,,,,,9462,,,0,,,,,,1,
1064,,,,,,,,20,,,,,,,Acres
1066,,,,,42147,,,,,,,,,1,
1088,,,,,0,,,0,,,,,,,
1147,,,,,19,,,,,,,,,,
1178,,,,,9580,,,,,,,,,1,
1179,,,,,9580,,,,,,,,,1,
1180,,,,,45,,,,,,,,,2,
1183,,,,,26,,,,,,,,,2,
1201,,,,,353.09,,,,,,,,,2,
1204,,,,,5309,,,,,,,,,1,
1205,,,,,13200,,,,,,,,,1,
1218,,,,,2886,,,0,,,,,,1,
1219,,,,,160,,,,,,,,,2,
1220,,,,,1574,,,,,,,,,2,
1224,,,,,,,,,,,,,,,
1236,,,,,1586,,,0,,,,,,1,
1244,,,,,78381,,,,,,,,,1,
1256,,,,,1507,,,,,,,,,1,
1275,,,,,120000,,,0,,,,,,1,
1290,,,,,704,,,,,,,,,2,
1302,,,,,1367,,,,,,,,,1,
1304,,,,,347.09,,,,,,,,,2,
1306,,,,,15245,,,,,,,,,1,
1330,,,,,624,,,,,,,,,2,
1342,,,,,56154,,,0,,,,,,1,
1344,,,,,861,,,,,,,,,1,
1348,,,,,210,,,,,,,,,2,
1359,,,,,51667,,,,,,,,,1,
1368,,,,,2849,,,0,,,,,,1,
1370,,,,,209.58,,,,,,,,,2,
1403,,,,,3258,,,0,,,,,,1,
1407,,,,,700,,,,,,,,,2,
1423,,,,,,,,,,,,,,,
1424,,,,,878,,,,,,,,,1,
1431,,,,,33,,,,,,,,,2,
1433,,,,,977.5,,,,,,,,,2,
1436,,,,,69383,,,0,,,,,,1,
1437,,,,,2019.88,,,,,,,,,2,
1446,,,,,1996,,,,,,,,,2,
1455,,,,,27500,,,0,,,,,,1,
1456,,,,,16082,,,0,,,,,,1,
1460,,,,,3931,,,,,,,,,2,
1461,,,,,73142.09,,,,,,,,,1,
1463,,,,,6385.46,,,,,,,,,2,
1466,,,,,1692,,,,,,,,,2,
1476,,,,,18720,,,0,,,,,,1,
1489,,,,,285,,,,,,,,,2,
1498,,,,,,,,300,,,,,,,SM
1500,,,,,11265,,,0,,,,,,1,
1501,,,,,146,,,,,,,,,2,
1503,,,,,115.2,,,,,,,,,1,
1504,,,,,11109,,,0,,,,,,1,
1509,,,,,34743.53,,,,,,,,,1,
1514,,,,,3081,,,,,,,,,2,
1515,,,,,152.83,,,,,,,,,2,
1516,,,,,9958,,,0,,,,,,1,
1517,,,,,49534,,,,,,,,,1,
1520,,,,,3761,,,5200,,,,,,1,SF
1524,,,,,18186,,,,,,,,,1,
1525,,,,,62,,,,,,,,,2,
1529,,,,,1,,,,,,,,,1,
1530,,,,,0,,,,,,,,,1,
1531,,,,,8203,,,,,,,,,1,
1534,,,,,86.1,,,,,,,,,1,
1538,,,,,1158,,,,,,,,,2,
1544,,,,,22762.72,,,27842,,,,,,1,SF
1545,,,,,2000,,,,,,,,,1,
1546,,,,,1008,,,,,,,,,2,
1547,,,,,240853,,,0,,,,,,1,
1548,,,,,240853,,,,,,,,,1,
1549,,,,,35772,,,,,,,,,1,
1554,,,,,18186,,,,,,,,,1,
1555,,,,,125273,,,,,,,,,1,
1556,,,,,125273,,,,,,,,,1,
1557,,,,,148339,,,,,,,,,1,
1558,,,,,148339,,,,,,,,,1,
1559,,,,,7947,,,,,,,,,1,
1560,,,,,7947,,,,,,,,,1,
1561,,,,,60493,,,,,,,,,1,
1562,,,,,60493,,,,,,,,,1,
1563,,,,,80718,,,,,,,,,1,
1564,,,,,80718,,,,,,,,,1,
1565,,,,,23848,,,,,,,,,1,
1566,,,,,23848,,,,,,,,,1,
1567,,,,,20248,,,,,,,,,1,
1568,,,,,20248,,,,,,,,,1,
1569,,,,,3371,,,,,,,,,1,
1570,,,,,3371,,,,,,,,,1,
1571,,,,,83753,,,,,,,,,1,
1572,,,,,83753,,,,,,,,,1,
1576,,,,,63.1,,,,,,,,,2,
1577,,,,,13.6,,,,,,,,,2,
1580,,,,,7074,,,,,,,,,1,
1581,,,,,7074,,,,,,,,,1,
1582,,,,,7456,,,,,,,,,1,
1583,,,,,7456,,,,,,,,,1,
1586,,,,,73216,,,,,,,,,1,
1587,,,,,73216,,,,,,,,,1,
1588,,,,,200,,,,,,,,,2,
1590,,,,,10711,,,,,,,,,1,
1591,,,,,3269,,,,,,,,,1,
1601,,,,,0,,,,,,,,,1,
1602,,,,,0,,,,,,,,,1,
1604,,,,,240251,,,0,,,,,,1,
1605,,,,,0,,,,,,,,,1,
1608,,,,,219040,,,0,,,,,,1,
1609,,,,,1,,,,,,,,,1,
1611,,,,,1,,,,,,,,,1,
1613,,,,,,,,,,,,,,1,
1614,,,,,291,,,,,,,,,2,
1615,,,,,291,,,,,,,,,2,
1616,,,,,0,,,0,,,,,,,
1622,,,,,0,,,0,,,,,,,
1626,,,,,860,,,,,,,,,1,
1627,,,,,754,,,,,,,,,2,
1628,,,,,48176,,,84942,,,,,,1,SF
1629,,,,,10894,,,,,,,,,1,
1630,,,,,150,,,0,,,,,,1,
1631,,,,,600,,,0,,,,,,1,
1633,,,,,38300,,,0,,,,,,1,
1635,,,,,10035,,,0,,,,,,1,
1636,,,,,8475,,,0,,,,,,1,
1637,,,,,8769.5,,,,,,,,,2,
1639,,,,,,,,2.9,,,,,,,Acres
1642,,,,,4958,,,,,,,,,2,
1646,,,,,49104,,,,,,,,,1,
1648,,,,,,,,,,,,,,,
1649,,,,,2265,,,0,,,,,,1,
1650,,,,,258.92,,,,,,,,,2,
1655,,,,,0,,,-263,,,,,,,Acres
1662,,,,,103.38,,,,,,,,,2,
1668,,,,,200,,,,,,,,,1,
1672,,,,,60,,,,,,,,,2,
1673,,,,,54.02,,,,,,,,,2,
1674,,,,,1034,,,,,,,,,1,
1675,,,,,66.58,,,,,,,,,2,
1678,,,,,22453,,,,,,,,,1,
1682,,,,,12938.1,,,,,,,,,2,
1684,,,,,0,,,39.67,,,,,,,Acres
1686,,,,,855,,,0,,,,,,1,
1687,,,,,0,,,0,,,,,,,
1699,,,,,0,,,,,,,,,2,
1701,,,,,7134.5,,,,,,,,,2,
1703,,,,,2340,,,7398,,,,,,2,SM
1704,,,,,4924,,,0,,,,,,1,
1705,,,,,80000,,,0,,,,,,1,
1706,,,,,18018,,,0,,,,,,1,
1711,,,,,0,,,1160,,,,,,,Acres
1712,,,,,21167,,,,,,,,,1,
1713,,,,,1680,,,0,,,,,,1,
1714,,,,,3240.56,,,,,,,,,2,
1723,,,,,89,,,,,,,,,1,
1724,,,,,,,,640,,,,,,,Acres
1725,,,,,,,,2500,,,,,,,SF
1726,,,,,13,,,,,,,,,2,
1728,,,,,1281,,,0,,,,,,2,
1730,,,,,1431.6,,,,,,,,,1,
1731,,,,,9762,,,,,,,,,1,
1732,,,,,12615,,,,,,,,,1,
1733,,,,,2595,,,0,,,,,,1,
1737,,,,,,,,,,,,,,,
1738,,,,,0,,,,,,,,,2,
1739,,,,,4112,,,2706202,,,,,,1,SF
1740,,,,,0,,,14,,,,,,,Acres
1758,,,,,5750,,,,,,,,,1,
1764,,,,,14,,,,,,,,,2,
1765,,,,,994,,,,,,,,,1,
1767,,,,,91.97,,,,,,,,,2,
1769,,,,,278.7,,,,,,,,,2,
1771,,,,,118037.41,,,,,,,,,1,
1773,,,,,1000,,,0,,,,,,1,
1774,,,,,1,,,,,,,,,1,
1775,,,,,38812,,,0,,,,,,1,
1778,,,,,308.93,,,,,,,,,2,
1784,,,,,79260,,,0,,,,,,1,
1789,,,,,65124,,,0,,,,,,1,
1800,,,,,6500,,,0,,,,,,1,
1801,,,,,27000,,,0,,,,,,1,
1802,,,,,15627,,,214218,,,,,,1,SF
1803,,,,,2865,,,0,,,,,,1,
1804,,,,,480000,,,33,,,,,,1,Acres
1810,,,,,696560,,,77.2,,,,,,1,Acres
1813,,,,,0,,,-18,,,,,,,Acres
1823,,,,,427899,,,0,,,,,,1,
1829,,,,,3000,,,4620,,,,,,1,SF
1831,,,,,416,,,,,,,,,2,
1834,,,,,3742,,,,,,,,,1,
1835,,,,,,,,99999.94,,,,,,,SM
1836,,,,,,,,93128.37,,,,,,,SM
1839,,,,,1330,,,,,,,,,2,
1840,,,,,1200,,,4200,,,,,,2,SM
1848,,,,,,,,964300,,,,,,,SM
1851,,,,,223.03,,,,,,,,,2,
1852,,,,,2731,,,,,,,,,2,
1855,,,,,,,,637.85,,,,,,,
1856,,,,,,,,22.48,,,,,,,Hectare
1857,,,,,1220,,,9208,,,,,,2,SM
1862,,,,,,,,214982.3,,,,,,,SM
1863,,,,,0,,,,,,,,,1,
1864,,,,,1100,,,1100,,,,,,2,SM
1865,,,,,1500,,,,,,,,,2,
1866,,,,,430,,,,,,,,,2,
1867,,,,,0,,,,,,,,,2,SM
1868,,,,,284,,,0,,,,,,2,
1869,,,,,1,,,,,,,,,1,
1870,,,,,150,,,,,,,,,2,
1871,,,,,203,,,,,,,,,2,
1872,,,,,1,,,,,,,,,1,
1873,,,,,3702,,,,,,,,,1,
1875,,,,,1,,,,,,,,,,
1876,,,,,0,,,,,,,,,2,
1878,,,,,2220,,,,,,,,,2,
1882,,,,,4750,,,46080,,,,,,1,SF
1883,,,,,8918,,,0,,,,,,1,
1884,,,,,0,,,,,,,,,1,
1887,,,,,12781,,,0,,,,,,1,
1888,,,,,15400,,,0,,,,,,1,
1890,,,,,2618,,,,,,,,,1,
1892,,,,,254.67,,,,,,,,,1,
1902,,,,,0.64,,,0,,,,,,1,
1903,,,,,100,,,0,,,,,,1,
1906,,,,,880,,,,,,,,,1,
1907,,,,,-880,,,0,,,,,,1,
1911,,,,,10179,,,0,,,,,,1,
1912,,,,,10179,,,,,,,,,1,
1913,,,,,1566,,,0,,,,,,1,
1914,,,,,1566,,,,,,,,,1,
1915,,,,,1174,,,,,,,,,1,
1916,,,,,1174,,,,,,,,,1,
1917,,,,,,,,30424.5,,,,,,,SM
1920,,,,,6375,,,,,,,,,1,
1923,,,,,50000,,,0,,,,,,1,
1928,,,,,40924,,,0,,,,,,1,
1932,,,,,275,,,,,,,,,1,
1933,,,,,275,,,,,,,,,1,
1935,,,,,9184,,,,,,,,,1,
1936,,,,,9184,,,,,,,,,1,
1938,,,,,324.32,,,,,,,,,2,
1939,,,,,253,,,,,,,,,2,
1945,,,,,2448,,,,,,,,,2,
1946,,,,,10,,,,,,,,,2,
1947,,,,,278141,,,0,,,,,,1,
1948,,,,,66.43,,,,,,,,,2,
1949,,,,,,,,245850,,,,,,2,SM
1950,,,,,,,,,,,,,,,
1951,,,,,325,,,,,,,,,2,
1952,,,,,0,,,,,,,,,1,
1953,,,,,322,,,,,,,,,2,
1954,,,,,1,,,,,,,,,2,
1955,,,,,115,,,,,,,,,2,
1957,,,,,360971,,,0,,,,,,1,
1958,,,,,4,,,,,,,,,2,
1959,,,,,287,,,,,,,,,2,
1966,,,,,30.48,,,,,,,,,2,
1970,,,,,-360971,,,0,,,,,,1,
1972,,,,,129,,,,,,,,,2,
1973,,,,,669,,,0,,,,,,1,
1974,,,,,-145,,,0,,,,,,3,
1975,,,,,107,,,,,,,,,2,
1976,,,,,16774,,,16774,,,,,,1,SF
1977,,,,,4000,,,4000,,,,,,1,SF
1980,,,,,21837.19,,,,,,,,,2,
1981,,,,,0,,,,,,,,,,
1982,,,,,1807,,,,,,,,,1,
1983,,,,,70,,,,,,,,,1,
1984,,,,,,,,,,,,,,1,
1985,,,,,215,,,,,,,,,1,
1986,,,,,0,,,87,,,,,,,Acres
1987,,,,,7580,,,0,,,,,,1,
1988,,,,,,,,27.79,,,,,,,Acres
1991,,,,,-150,,,,,,,,,2,
1992,,,,,56.1,,,,,,,,,2,
1993,,,,,100,,,,,,,,,1,
1998,,,,,500,,,,,,,,,1,
1999,,,,,,,,,,,,,,,
2000,,,,,,,,,,,,,,1,
2009,,,,,,,,315000,,,,,,,SM
2010,,,,,6928.02,,,81980,,,,,,2,SM
2013,,,,,,,,325039,,,,,,,SM
2014,,,,,408.11,,,,,,,,,2,
2017,,,,,,,,,,,,,,1,
2018,,,,,8064,,,,,,,,,1,
2019,,,,,-8064,,,0,,,,,,1,
2021,,,,,,,,,,,,,,1,
2022,,,,,0,,,0,,,,,,,
2023,,,,,11,,,,,,,,,2,
2024,,,,,40.86,,,,,,,,,2,
2025,,,,,600,,,,,,,,,1,
2026,,,,,35000,,,0,,,,,,1,
2028,,,,,2150,,,,,,,,,2,
2029,,,,,2150,,,,,,,,,2,
2031,,,,,,,,1920,,,,,,,SM
2034,,,,,0,,,114,,,,,,,Acres
2038,,,,,,,,137.5,,,,,,,Acres
2039,,,,,,,,0.6,,,,,,,Acres
2040,,,,,0,,,83,,,,,,,Acres
2042,,,,,0,,,0,,,,,,,
2043,,,,,0,,,0,,,,,,,
2044,,,,,72.11,,,,,,,,,2,
2045,,,,,69.79,,,,,,,,,2,
2046,,,,,72.6,,,,,,,,,2,
2047,,,,,19396,,,0,,,,,,1,
2048,,,,,15200,,,19300,,,,,,1,SF
2360,,,,,30.5,,,,,,,,,2,
2361,,,,,12000,,,0,,,,,,1,
2362,,,,,64250,,,0,,,,,,1,
2405,,,,,,,,,,,,,,1,
2406,,,,,0,,,,,,,,,1,
2407,,,,,1441,,,,,,,,,1,
2408,,,,,,,,,,,,,,,
2410,,,,,124,,,0,,,,,,2,
2411,,,,,,,,,,,,,,2,
2412,,,,,10,,,,,,,,,2,SM
2413,,,,,260,,,,,,,,,2,
2414,,,,,3968,,,0,,,,,,1,
2415,,,,,3429,,,,,,,,,1,
2416,,,,,4424,,,,,,,,,1,
2481,,,,,2000,,,,,,,,,2,
2483,,,,,40,,,,,,,,,2,
2484,,,,,1,,,0,,,,,,3,
2485,,,,,17000,,,0,,,,,,1,
2486,,,,,538.14,,,,,,,,,2,SM
2493,,,,,138000,,,3.18,,,,,,1,Acres
2499,,,,,,,,,,,,,,2,
2500,,,,,100,,,,,,,,,1,
2501,,,,,6126,,,,,,,,,1,
2585,,,,,0,,,75,,,,,,,Acres
2681,,,,,1,,,,,,,,,3,
2697,,,,,17151,,,,,,,,,2,
2698,,,,,1520,,,,,,,,,2,
2699,,,,,43243,,,14.5,,,,,,1,Acres
2700,,,,,545,,,,,,,,,2,
2701,,,,,1,,,,,,,,,2,
2702,,,,,0,,,7,,,,,,,Acres
3660,,,,,26,,,,,,,,,2,
3665,,,,,280729,,,8,,,,,,1,Acres
3668,,,,,41,,,,,,,,,1,
3673,,,,,1,,,,,,,,,1,
3674,,,,,408.11,,,,,,,,,2,
3675,,,,,,,,7,,,,,,,Acres
3775,,,,,5093,,,,,,,,,2,
3776,,,,,12827,,,0,,,,,,1,
3778,,,,,2013,,,,,,,,,1,SF
3779,,,,,125363,,,0,,,,,,1,
3780,,,,,61676,,,,,,,,,1,
3827,,,,,20408,,,104000,,,,,,1,SF
3828,,,,,1250,,,0,,,,,,1,
3829,,,,,861.53,,,,,,,,,2,
3830,,,,,4812,,,0,,,,,,1,
3833,,,,,5095,,,,,,,,,1,
3835,,,,,3532,,,,,,,,,1,
3840,,,,,2,,,0,,,,,,,
3854,,,,,1023,,,,,,,,,2,
3856,,,,,36729,,,17413,,,,,,2,SM
3857,,,,,552.83,,,,,,,,,2,
3858,,,,,10188.81,,,,,,,,,2,
3860,,,,,279.86,,,,,,,,,1,
3985,,,,,1,,,,,,,,,1,
3986,,,,,,,,640,,,,,,3,Acres
3988,,,,,86,,,,,,,,,1,
3989,,,,,4266,,,,,,,,,1,
3992,,,,,,,,,,,,,,1,
3993,,,,,,,,,,,,,,1,
3994,,,,,,,,,,,,,,1,
3995,,,,,,,,,,,,,,1,
3996,,,,,4248.08,,,,,,,,,2,
3999,,,,,41200,,,0,,,,,,1,
4000,,,,,544.2,,,,,,,,,2,
4001,,,,,40,,,,,,,,,2,
4002,,,,,19396,,,0,,,,,,1,
4004,,,,,-19396,,,0,,,,,,1,
4005,,,,,0,,,,,,,,,2,
4006,,,,,3000,,,0,,,,,,1,
4007,,,,,-3000,,,0,,,,,,1,
4008,,,,,15,,,0,,,,,,3,
4009,,,,,4000,,,0,,,,,,1,
4010,,,,,30000,,,0,,,,,,1,
4011,,,,,1517.48,,,,,,,,,2,
4052,,,,,115,,,,,,,,,1,
4053,,,,,243.14,,,,,,,,,2,
4054,,,,,0,,,0,,,,,,,
4055,,,,,963.83,,,,,,,,,2,
4069,,,,,226,,,0,,,,,,3,
4070,,,,,161,,,,,,,,,2,
4071,,,,,116983.91,,,,,,,,,1,
4072,,,,,57246.57,,,,,,,,,1,
4073,,,,,6000,,,,,,,,,1,
4075,,,,,-750,,,0,,,,,,1,
4086,,,,,50,,,,,,,,,1,
4087,,,,,75,,,,,,,,,1,
4095,,,,,7000,,,0,,,,,,1,
4096,,,,,105.26,,,,,,,,,2,
4097,,,,,105.26,,,,,,,,,2,
4100,,,,,10647.04,,,,,,,,,2,
4103,,,,,2795,,,,,,,,,1,
4107,,,,,2056,,,,,,,,,1,
4108,,,,,2056,,,,,,,,,1,
4110,,,,,406.12,,,,,,,,,2,
4112,,,,,1,,,,,,,,,2,
4113,,,,,93.07,,,,,,,,,2,
4114,,,,,57,,,,,,,,,2,
4115,,,,,53.6,,,,,,,,,2,
4122,,,,,504,,,,,,,,,1,
4123,,,,,504,,,,,,,,,1,
4124,,,,,2426,,,0,,,,,,1,
4125,,,,,870,,,,,,,,,2,
4126,,,,,0,,,,,,,,,2,
4127,,,,,1,,,,,,,,,1,
4143,,,,,82.75,,,,,,,,,2,
4145,,,,,82.75,,,,,,,,,2,
4153,,,,,273.54,,,,,,,,,2,
4154,,,,,-273.54,,,,,,,,,2,
4155,,,,,696.54,,,,,,,,,2,
4157,,,,,320,,,,,,,,,2,
4158,,,,,-320,,,,,,,,,2,
4159,,,,,1,,,640,,,,,,3,Acres
4160,,,,,1,,,40,,,,,,3,Acres
4161,,,,,1,,,40,,,,,,3,Acres
4162,,,,,1,,,680,,,,,,3,Acres
4163,,,,,1,,,480,,,,,,3,Acres
4164,,,,,1,,,640,,,,,,3,Acres
4165,,,,,1,,,640.33,,,,,,1,Acres
4391,,,,,19520,,,0,,,,,,1,
4414,,,,,271,,,,,,,,,2,
4415,,,,,1,,,,,,,,,1,
4416,,,,,-275.85,,,,,,,,,2,
4417,,,,,275.85,,,,,,,,,2,
4418,,,,,510.32,,,,,,,,,2,
4419,,,,,-510.32,,,,,,,,,2,
4423,,,,,386.19,,,,,,,,,2,
4424,,,,,386.19,,,,,,,,,2,
4425,,,,,4266,,,,,,,,,1,
4426,,,,,4266,,,,,,,,,1,
4427,,,,,3532,,,,,,,,,1,
4428,,,,,3532,,,,,,,,,1,
4430,,,,,1,,,,,,,,,2,
4434,,,,,588,,,,,,,,,2,
4580,,,,,281340,,,6.46,,,,,,1,Acres
4587,,,,,1,,,,,,,,,1,
4591,,,,,,,,,,,,,,2,
4592,,,,,1132.36,,,,,,,,,1,
4593,,,,,89.81,,,,,,,,,2,
4594,,,,,3120,,,0,,,,,,1,
4595,,,,,1,,,,,,,,,1,
4596,,,,,4400,,,0,,,,,,1,
4597,,,,,18100,,,18100,,,,,,1,
4598,,,,,0,,,,,,,,,2,
4599,,,,,113.13,,,,,,,,,2,
4619,,,,,-1023,,,,,,,,,2,
4620,,,,,7500,,,0,,,,,,1,
4626,,,,,1,,,,,,,,,2,
4630,,,,,0,,,0,,,,,,,
4632,,,,,172,,,,,,,,,2,
4633,,,,,9029,,,0,,,,,,1,
4634,,,,,4388,,,,,,,,,1,
4635,,,,,6279,,,,,,,,,1,
4648,,,,,3009,,,0,,,,,,1,
4649,,,,,1743,,,0,,,,,,1,SF
4650,,,,,0,,,0,,,,,,,
4654,,,,,4182,,,0,,,,,,1,
4656,,,,,139661,,,,,,,,,1,
4670,,,,,51430,,,0,,,,,,1,
4671,,,,,21649,,,,,,,,,1,
4672,,,,,21649,,,,,,,,,1,
4681,,,,,300,,,,,,,,,2,
4682,,,,,0,,,0,,,,,,,
4683,,,,,-300,,,,,,,,,2,
4687,,,,,10656.5,,,,,,,,,2,
4731,,,,,86067.82,,,,,,,,,1,
4732,,,,,0,,,0,,,,,,1,SF
4733,,,,,2508,,,,,,,,,2,
4734,,,,,2360,,,,,,,,,2,
4735,,,,,7497.82,,,,,,,,,2,
4736,,,,,0,,,,,,,,,1,
4737,,,,,0,,,,,,,,,1,
4738,,,,,0,,,0,,,,,,,
4739,,,,,0,,,,,,,,,2,
4740,,,,,,,,63785,,,,,,2,
4741,,,,,1,,,,,,,,,2,
4742,,,,,522000,,,,,,,,,2,
4743,,,,,0,,,0,,,,,,2,
4744,,,,,1,,,,,,,,,2,
4750,,,,,0,,,,,,,,,1,
4754,,,,,0,,,,,,,,,1,
