record_id,city,country,latitude,longitude,name,postal_code,property_URL,region,state,type
627,Taft,United States,,,"LA - TAFT - Sec 24, T12S, R20E (St. Charles Parrish)",,,NAM,LA,Manufacturing/Plant/Industrial
628,Vernon Center,United States,,,MN - BLUE EARTH - Blue Earth (Mankato) Land Lease,,,NAM,MN,Agriculture/Land-only
629,Dodge City,United States,,,KS - DODGE CITY - 11552 Lariat Road,67801,,NAM,KS,Agriculture/Land-only
630,Lincoln/Greenwood,United States,,,NE - LANCASTER - Lancaster Land (Greenwood Terminal) Lease,,,NAM,NE,
648,Kennesaw,United States,,,"GA - KENNESAW - 300 Townpark Drive, Bldg. 1 (Showroom)",30144,,NAM,GA,
654,Lugoff (Camden),United States,,,"SC - LUGOFF (CAMDEN) - Camden, SC Ground Lease",29078,,NAM,SC,Agriculture/Land-only
655,Maitland,Canada,,,ON - MAITLAND (1036) -1400 Hwy 2 East (Main Asset),K0E 1P0,,NAM,ON,Office
656,Martinsville,United States,,,"VA - MARTINSVILLE - Martinsville, VA Ground Lease",24112,,NAM,VA,Agriculture/Land-only
660,Victoria,United States,28.820566,-96.988064,TX - VICTORIA - LAND LEASED TO THIRD PARTIES,77905,,NAM,TX,Agriculture/Land-only
668,Orange,United States,,,"TX - ORANGE - Orange, TX Operations Area Ground Lease",77631,,NAM,TX,Agriculture/Land-only
671,Wichita,United States,,,WICHITA HEADQUARTERS,67220,,NAM,KS,
675,Dalton,United States,,,GA - DALTON - 745 College Dr. Suite C (Main Asset),30720,,NAM,GA,
678,Kennesaw,United States,,,"GA - KENNESAW (VU71) - 175 Townpark Drive, Suites 200, 300, 350",30144,,NAM,GA,
679,New York,United States,40.7539335,-73.9868111,NY - NEW YORK (2292)  - 1430 Broadway,10018,,NAM,NY,Office
689,Kingston,Canada,,,ON - KINGSTON - (1020) PLANT 455 Front Road (Main Asset),K7L 4Z6,,NAM,ON,Manufacturing/Plant/Industrial
690,Seaford,United States,,,DE - SEAFORD (VV70) - Warehouses 8 and 9,19973,,NAM,DE,Warehouse/Storage
698,Peru,United States,41.3727111,-89.16338,IL - Peru - 4800 Industrial Park (lease),61354,,NAM,IL,Warehouse/Storage
699,Broomfield,United States,,,CO - Broomfield - 10901 W 120th (Lease),80021,,NAM,CO,Office
702,Alpharetta,United States,34.0484672,-84.2865982,GA - Alpharetta - 4550 North Point Parkway (Alpharetta Lease),,,NAM,GA,Office
705,Dubuque,United States,,,IA - Dubuque - 1550 Koch Court (Lease),,,NAM,IA,
706,Green Bay,United States,44.5400427,-88.0134183,WI - Green Bay - 1496 Bylsby Ave (Green Bay Lease),54303,,NAM,WI,Agriculture/Land-only
707,St. Paul,United States,,,MN - St. Paul - 2209 Childs Road (ST. PAUL LEASE),55106,,NAM,MN,Agriculture/Land-only
712,The Woodlands,United States,,,"TX - THE WOODLANDS - Town Center Two, 1330 Lake Robbins Drive",12345,,NAM,TX,Office
716,Inver Grove Heights,United States,,,MN - Inver Grove Heights - 10645 Rich Valley Blvd (DENNIS OZMENT PROPERTY - PINE BEND BUFFER),55075,,NAM,MN,Agriculture/Land-only
717,Rosemont,United States,,,MN - Rosemount - BESTER PROPERTY - PINE BEND BUFFER,,,NAM,MN,
718,Farmington,United States,,,PB Land - Buffer Property,,,NAM,MN,
719,Rosemount,United States,,,MN - Rosemount - CLIFF PROPERTY - PINE BEND BUFFER,,,NAM,MN,Agriculture/Land-only
720,Rosemount,United States,,,PB Land - Buffer Property,55068,,NAM,MN,
721,Rosemount,United States,,,PB Land - Buffer Property,55068,,NAM,MN,
722,Rosemount,United States,,,PB Land - Buffer Property,,,NAM,MN,
723,Rosemount,United States,,,PB Land - Buffer Property,55033,,NAM,MN,
724,Farmington,United States,,,PB Land - Buffer Property,55024,,NAM,MN,
725,Eagan,United States,,,PB Land - Buffer Property,55123,,NAM,MN,
726,Rosemount,United States,37.743797,-81.873907,MN - Rosemount - PETERSON PROPERTY - PINE BEND BUFFER,55024,,NAM,MN,Agriculture/Land-only
727,Rosemount,United States,,,Pine Bend - Buffer Property,,,NAM,MN,
728,Rosemount,United States,,,PB Land - Buffer Property,55033,,NAM,MN,
729,Rosemount,United States,45.969099,-92.95055,MN - Rosemount - CHADWICK PROPERTY - PINE BEND BUFFER,55437,,NAM,MN,Agriculture/Land-only
730,Corpus Christi,United States,,,TX - CORPUS CHRISTI - Port of Corpus,,,NAM,TX,
732,Pittsburg,United States,,,CA - PITTSBURG - 707 E. 3rd St.,,,NAM,CA,
745,Sacramento,United States,,,CA - SACRAMENTO - 2151 River Plaza Drive,95833,,NAM,CA,Office
754,Carlin,United States,,,NV - CARLIN - 824 Poplar Street,89822,,NAM,NV,Warehouse/Storage
761,Calgary,Canada,,,"AB - CALGARY - 1829 Ranchlands Blvd., N.W.",,,NAM,AB,
764,Baytown,United States,,,TX - BAYTOWN - 6603 West Bay Road,77520,,NAM,TX,Office
765,Wichita,United States,,,KS - WICHITA - Farm Land,,,NAM,KS,
766,Wichita,United States,,,KS - WICHITA - 3500 N. Hillside,,,NAM,KS,
767,Wichita,United States,,,KS - WICHITA - Koch Office Park 2nd and 3rd Addition Land,,,NAM,KS,
768,Kearney County,United States,,,KS - KEARNEY COUNTY - Pasture,,,NAM,KS,
769,Houston,United States,,,TX - HOUSTON - 20 East Greenway,77046,,NAM,TX,Office
770,Madison,United States,,,WI - MADISON - 10 East Doty,,,NAM,WI,
771,Austin,United States,,,TX - AUSTIN - 701 Brazos Street,78701,,NAM,TX,
776,Wichita,United States,,,KS - WICHITA - Mid-Continent Airport Hanger,67209,,NAM,KS,
777,Atlanta,United States,,,GA - ATLANTA - Fulton County Airport,,,NAM,GA,
780,Green Bay,United States,,,WI - GREEN BAY - 1919 South Broadway,,,NAM,WI,
782,Baton Rouge,United States,,,LA - BATON ROUGE - Riverside Tower North,,,NAM,LA,
783,Atlanta,United States,,,"GA - ATLANTA - 133 Peachtree Street, NE",30303,,NAM,GA,
785,London,Canada,,,ON - LONDON - 1030 Clarke Road,N5V 3B2,,NAM,ON,Manufacturing/Plant/Industrial
786,Dillon,United States,,,MT - DILLON -  Beaverhead Ranch,,,NAM,MT,
787,MATADOR,United States,,,TX -MATADOR - Matador Ranch,,,NAM,TX,
788,EUREKA,United States,,,KS -EUREKA - Spring Creek Ranch,,,NAM,KS,
789,SALINA,United States,,,KS - SALINA - 501 N. 5th Street,,,NAM,KS,
790,MATADOR,United States,,,TX -MATADOR - Matador Hunting Property,,,NAM,TX,
792,Peru,United States,,,IL - Peru - 501 Brunner - PERU CHEMICAL PLANT,61354,,NAM,IL,
793,Rosemount,United States,44.760697,-93.034362,MN - Rosemount -PINE BEND REFINERY (Main),55068,,NAM,MN,Manufacturing/Plant/Industrial
794,Corpus Christi,United States,,,TX - Corpus Christi -CORPUS REFINERY EAST,,,NAM,TX,Manufacturing/Plant/Industrial
795,Corpus Christi,United States,,,TX - Corpus Christi - CORPUS REFINERY WEST,,,NAM,TX,
796,Galena,United States,,,KS - Galena - JAYHAWK CHEMICAL PLANT,,,NAM,KS,
797,Whitehall,United States,,,MI - Whitehall - WHITEHALL CHEMICAL PLANT,,,NAM,MI,
800,Algona,United States,,,IA - Algona - ALGONA ASHPALT TERMINAL,,,NAM,IA,
801,Davenport,United States,,,IA - Davenport - DAVENPORT TERMINAL,,,NAM,IA,
802,Dubuque,United States,,,IA - Dubuque - DUBUQUE TERMINAL,,,NAM,IA,
803,Waupun,United States,,,WI - Waupun - WAUPUN TERMINAL,,,NAM,WI,
804,Wichita,United States,,,KS - Wichita - TXI OPERATIONS,,,NAM,KS,
805,Corpus Christi,United States,,,TX - Corpus Christi - TEXAS PIPELINE 1,,,NAM,TX,
806,Menlo,United States,,,IA - Menlo - MENLO ETHANOL PLANT,,,NAM,IA,
807,Shell Rock,United States,,,IA - Shell Rock - SHELL ROCK ETHANOL PLANT,,,NAM,IA,
809,North Pole,United States,,,AK - North Pole - NORTH POLE REFINERY,99705,,NAM,AK,Manufacturing/Plant/Industrial
810,ALBANY,United States,,,MN - ALBANY - Pipeline Land,,,NAM,MN,
811,West Point,United States,,,TX -  - LAND (WEST POINT) - 10 ACRES,,,NAM,TX,
812,Wilmington,United States,,,MA - WILMINGTON  - 850 Main Street,1887,,NAM,MA,
813,LONG BEACH,United States,,,CA  - LONG BEACH - 1020 Pier F Avenue,,,NAM,CA,
814,PITTSBURG,United States,,,CA - PITTSBURG- Bay Area Bulk Terminal,,,NAM,CA,
816,CORPUS CHR,United States,,,TX - Corpus Christi - Corpus Refinery West (Corpus Chr),78409,,NAM,TX,Agriculture/Land-only
817,KEEN MOUNTAIN,United States,,,VA  - KEEN MOUNTAIN -,,,NAM,VA,
819,Tulsa,United States,,,OK - TULSA - JZ Headquarters,,,NAM,OK,
823,Fort Madison,United States,,,IA - FT. MADISON - Ft. Madison Terminal,52627,,NAM,IA,
824,Fort Dodge,United States,,,IA - FT. DODGE - Fort Dodge Plant,50532,,NAM,IA,Manufacturing/Plant/Industrial
825,Garner,United States,,,IA - GARNER - Garner Terminal,50438,,NAM,IA,Manufacturing/Plant/Industrial
826,Ackley,United States,,,IA - IOWA - Iowa Falls Terminal,,,NAM,IA,
827,Washington,United States,,,IA - KEOTA - Washington Terminal,52248,,NAM,IA,Other
828,Marshalltown,United States,,,IA - MARSHALLTOWN - Marshalltown Terminal,50158,,NAM,IA,
829,Sergeant Bluff,United States,,,IA - SERGEANT BLUFF - Sargeant Bluff Terminal,51054,,NAM,IA,Other
830,East Alton,United States,,,IL - EAST ALTON - Wood River Terminal,62024,,NAM,IL,
831,Henry,United States,,,IL - HENRY - Henry Terminal,61537,,NAM,IL,Other
832,Trilla,United States,,,IL - MATTOON - Trilla Terminal,61938,,NAM,IL,Other
833,Crawfordsville,United States,,,IN - CRAWFORDSVILLE - Crawfordsville Terminal,32426,,NAM,IN,Other
834,Huntington,United States,,,IN - HUNTINGTON - Huntington Terminal,46750,,NAM,IN,Other
835,Walton,United States,,,IN - WALTON - Walton Terminal,,,NAM,IN,
836,Dodge City,United States,,,KS - DODGE CITY - Dodge City Plant,67801,,NAM,KS,Manufacturing/Plant/Industrial
837,McPherson,United States,,,KS - MCPHERSON - Conway Terminal,67460,,NAM,KS,
838,Taft,United States,,,LA - HAHNVILLE - Taft Ammonia Terminal,70057,,NAM,LA,
840,Sterlington,United States,,,LA - STERLINGTON - Sterlington Terminal,71280,,NAM,LA,
841,Murdock,United States,,,MN - MURDOCK - Murdock Terminal,56271,,NAM,MN,
842,Vernon Center,United States,,,MN - VERNON CENTER - Vernon Center,56090,,NAM,MN,
843,Aurora,United States,,,NE - AURORA - NE Terminal,68818,,NAM,NE,
844,Beatrice,United States,,,NE - BEATRICE - Beatrice Plant,68310,,NAM,NE,Manufacturing/Plant/Industrial
846,Greenwood,United States,,,NE - GREENWOOD - Greenwood Terminal,68366,,NAM,NE,Other
847,Enid,United States,,,OK - ENID - Enid Plant (Main Asset),73701,,NAM,OK,Manufacturing/Plant/Industrial
848,Farnsworth,United States,,,TX - FARNSWORTH - Farnsworth Terminal,79033,,NAM,TX,Other
849,Katy,United States,,,TX - KATY - 25610 Clay Road,,,NAM,TX,
851,Houston,United States,,,TX - HOUSTON - KSPS Plant,,,NAM,TX,
852,East Canton,United States,,,OH - EAST CANTON  - Orchardview Drive Southeast,44730,,NAM,OH,
853,Houston,United States,,,TX - HOUSTON - 12602 FM 529,,,NAM,TX,
854,Wichita,United States,,,KS - Wichita - Glitsch Wichita Factory,,,NAM,KS,
855,Houston,United States,,,TX - HOUSTON - 6611 Killough Road,77086,,NAM,TX,Manufacturing/Plant/Industrial
860,Longview,United States,,,TX - Longview - LONGVIEW CHEMICAL PLANT,,,NAM,TX,
861,Corpus Christi,United States,,,TX - Corpus Christi - SUGAR VALLEY TRUCK STATION,,,NAM,TX,
862,Corpus Christi,United States,,,TX - Corpus Christi - KNOBLOB TRUCK STATION,,,NAM,TX,
863,Ingleside,United States,,,TX - Ingleside - FICKE TRUCK STATION,,,NAM,TX,
864,Mankato,United States,,,MN - Mankato - MANKATO PIPELINE BULK STORAGE,,,NAM,MN,
865,Ingleside,United States,,,TX - Ingleside - INGLESIDE TERMINAL,,,NAM,TX,
866,Liberty,United States,,,TX - Liberty - LIBERTY TEXAS STATION,77575,,NAM,TX,
867,Port Arthur,United States,,,TX - Port Arthur - PORT ARTHUR CHEMICAL PLANT,,,NAM,TX,
868,Rosemount,United States,,,MN - Pine Bend - PINE BEND TERMINAL OFFICE,,,NAM,MN,
869,Rosemount,United States,,,MN - Rosemount - WISCONSIN PIPELINE,,,NAM,MN,
870,Junction City,United States,44.591151,-89.807742,WI - Junction City - JUNCTION CITY TERMINAL,54443,,NAM,WI,Other
871,Junction City,United States,,,WI - Junction City - WISCONSIN PIPELINE,,,NAM,WI,
872,McFarland,United States,,,WI - Madison - MADISON TERMINAL,,,NAM,WI,
873,Milwaukee,United States,,,WI - Milwaukee - MILWAUKEE TERMINAL,,,NAM,WI,
875,Marshall,United States,,,MN - Marshall - MARSHALL TERMINAL,,,NAM,MN,
876,Savage,United States,,,MN - Savage - SAVAGE TERMINAL,55378,,NAM,MN,Other
877,St. Paul,United States,,,Mn - St. Paul - ST PAUL ASPHALT TERMINAL,,,NAM,MN,
878,Fargo,United States,,,ND - Fargo - FARGO ASPHALT TERMINAL,,,NAM,ND,
879,Omaha,United States,,,NE - Omaha - OMAHA TERMINAL 1 & 2,,,NAM,NE,
880,Green Bay,United States,,,WI - Green Bay - GREEN BAY TERMINAL,,,NAM,WI,
881,Stevens Point,United States,,,WI - Stevens Point - STEVENS TERMINAL,,,NAM,WI,
882,Wilmington,United States,,,NC - Wilmington - WILMINGTON TERMINAL,,,NAM,NC,
883,Austin,United States,,,TX - Austin - AUSTIN TERMINAL,,,NAM,TX,
884,Cedar Creek,United States,,,TX - Cedar Creek - BASTROP TERMINAL,,,NAM,TX,
885,Beeville,United States,,,TX - Beeville - BEEVILLE PIPELINE/ TEXAS PIPELINE 1,,,NAM,TX,
886,Buda,United States,,,TX - Buda - MUSTANG RIDGE,78610,,NAM,TX,
887,Corpus Christi,United States,,,TX - Corpus Christi - TEXAS PIPELINE II,,,NAM,TX,
889,Euless,United States,,,TX - Fort Worth - FORT WORTH FUEL TERMINAL,,,NAM,TX,
890,Gonzales,United States,,,TX - Gonzales - GONZALES PIPELINE/ TEXAS PIPELINE II,,,NAM,TX,
891,Hillsboro,United States,,,TX - Hillsboro - HILLSBORO PIPELINE/ TEXAS PIPELINE II,,,NAM,TX,
892,San Antonio,United States,,,TX - San Antonio - SAN ANTONIO TERMINAL,78219,,NAM,TX,Other
893,Waco,United States,,,TX - Waco - WACO TERMINAL,,,NAM,TX,
894,SOUTHLAKE,United States,,,TX - SOUTHLAKE - 2350 State Highway 26,,,NAM,TX,
899,PORT ARTHUR,United States,,,TX - PORT ARTHUR -,,,NAM,TX,
900,MEDICINE LODGE,United States,,,KS - MEDICINE LODGE - Sheridan ROW,,,NAM,KS,
901,CLOVIS,United States,,,NM - CLOVIS - Clovis Station,,,NAM,NM,
902,SEMINOLE,United States,,,OK - SEMINOLE,,,NAM,OK,
904,,United States,,,TX -  - 406 RODS  ROBERTSON COUNTY,,,NAM,TX,
906,Clear Lake,United States,,,IA - CLEAR LAKE - Des Moines Terminal,,,NAM,IA,
907,HARTFORD,United States,,,IL - HARTFORD - 480 Robbins Road,,,NAM,IL,
908,COTTAGE GROVE,United States,,,MN - COTTAGE GROVE - 6843 85th Street S.,,,NAM,MN,
909,BETHANY,United States,,,MO - BETHANY - Woodriver Pipeline - Bethany,,,NAM,MO,
910,BASTROP,United States,,,TX - BASTROP - Rosansky Land - Bastrop,,,NAM,TX,
912,CORPUS CHRISTI,United States,,,TX - CORPUS CHRISTI - 8606 IH 37,,,NAM,TX,
914,Giddings,United States,,,TX - GIDDINGS - Giddings - Highway 976 Deanville,,,NAM,TX,
915,INGLESIDE,United States,,,TX - INGLESIDE - Ingleside Terminal,,,NAM,TX,
916,MCALLEN,United States,,,TX - MCALLEN - 9.7 acres,,,NAM,TX,
917,PETTUS,United States,,,TX - PETTUS - 90200 Hwy 623,,,NAM,TX,
920,FREMONT,United States,,,TX - FREMONT,,,NAM,TX,
921,REFUGIO,United States,,,TX - REFUGIO,,,NAM,TX,
923,ROSANKY,United States,,,TX - ROSANKY,,,NAM,TX,
927,,United States,,,TX - CANALES LAND,,,NAM,TX,
928,,United States,,,TX - GERDES STATION LAND,,,NAM,TX,
929,TEMPLE,United States,,,TX - TEMPLE - ROW Land,,,NAM,TX,
932,LITTLE FALLS,United States,,,MN - LITTLE FALLS OFFICE,,,NAM,MN,
933,VALDEZ,United States,,,AK - VALDEZ - Alyeska Pipeline,,,NAM,AK,
935,JACKSON,United States,,,MI - JACKSON - 416 Water,,,NAM,MI,
936,TULSA,United States,,,OK - TULSA - Eagle Point,,,NAM,OK,
944,TAFT,United States,,,TX - TAFT - Lot 18 Block 5 Algodon Subdivision,,,NAM,TX,
967,Wichita,United States,,,KS - WICHITA - Koch Complex Land Parcels,,,NAM,KS,Agriculture/Land-only
968,Lytle,United States,,,TX - Medina County - Lytle Station South,,,NAM,TX,
969,Lytle,United States,,,TX - Medina County - Lytle Station North,,,NAM,TX,
970,,United States,,,TX - Pickton Plant (Hopkins County),,,NAM,TX,
973,Hampton,United States,,,SC - HAMPTON - Hampton Chemical,,,NAM,SC,
978,White City,United States,,,OR - WHITE CITY - White City Chemical Parcel 2,97503,,NAM,OR,
979,Athens,United States,,,"GA -ATHENS - Athens, GA Excess Land",30601,,NAM,GA,
980,Spartanburg,United States,,,SC - SPARTANBURG - Excess Land,,,NAM,SC,
981,Wilmington,United States,,,"NC - WILMINGTON - Wilmington, NC Excess Land",28401-2225,,NAM,NC,
983,Seaford,United States,,,DE - Seaford Plant (1006),19973,,NAM,DE,Manufacturing/Plant/Industrial
992,Wilmington,United States,34.156777,-77.90991,NC -WILMINGTON - Wilmington Plant (0147) (Main Asset),28401,,NAM,NC,Agriculture/Land-only
995,Lugoff,United States,,,SC - LUGOFF - Camden Plant (1003) (Owned Buildings) (Main Asset),,,NAM,SC,
1002,Orange,United States,,,TX - ORANGE - Orange Plant (AA74) (Owned Buildings) (Main Asset),77630,,NAM,TX,Manufacturing/Plant/Industrial
1003,Victoria,United States,,,TX - VICTORIA - Victoria Plant (4064) (Owned Buildings)(Main Asset),77905,,NAM,TX,Manufacturing/Plant/Industrial
1004,Victoria,United States,,,TX - VICTORIA - GROUND LEASE (VICTORIA LANDLORD),,,NAM,TX,Agriculture/Land-only
1014,Wichita,United States,,,KS - WICHITA - 29th and Oliver,,,NAM,KS,
1021,Conroe,United States,,,TX - CONROE - Conroe Station,77304-4030,,NAM,TX,Agriculture/Land-only
1029,Port Lavaca,United States,,,TX - Goodyear Building,,,NAM,TX,Manufacturing/Plant/Industrial
1031,Cottage Grove,United States,,,MN - COTTAGE GROVE - Cottage Grove Land (2 Parcels),,,NAM,MN,
1032,Cottage Grove,United States,,,MN - COTTAGE GROVE - Grey Cloud Island,55071,,NAM,MN,Agriculture/Land-only
1033,St. Paul Park,United States,,,MN -ST. PAUL PARK -  St. Paul Park Lots,,,NAM,MN,
1034,Lima,United States,,,WI -LIMA - Durand Station,48429,,NAM,WI,Agriculture/Land-only
1035,Fairchild,United States,,,WI -FAIRCHILD - Fairchild Station,,,NAM,WI,
1037,Marshfield,United States,,,WI - MARSHFIELD - Marshfield Station,,,NAM,WI,
1038,Plum City,United States,,,WI -PLUM CITY -Waverly Station,54750,,NAM,WI,Agriculture/Land-only
1040,Unknown,United States,,,WI - Bagley Unloading Facility,,,NAM,WI,
1041,Ellendale,United States,,,WI - Ellendale (WRPL) 3.67 acres,,,NAM,WI,
1043,Unknown,United States,,,WI - Zimmerman Station,,,NAM,WI,
1044,Corpus Christi,United States,,,TX - CORPUS CHRISTI - Betco Station (818 Navigation Blvd),,,NAM,TX,
1046,Cunningham,United States,,,TX - CUNNINGHAM - Lamar Station,,,NAM,TX,
1047,Sour Lake,United States,,,TX - Sour Lake - SOUR LAKE STORAGE CAVERNS,77659,,NAM,TX,
1081,Corpus Christi,United States,,,TX - CORPUS CHRISTI - Lawrence Station,,,NAM,TX,
1083,n/a,United States,,,"NE - 1 acre, Furnas County",,,NAM,NE,
1087,Martin,United States,,,KY - MARTIN - 40 Acres,,,NAM,KY,
1094,Millhaven,Canada,44.20012,-76.74942,ON - Millhaven Plant site(1022) (Main Asset),K0H 1G0,,NAM,ON,Agriculture/Land-only
1100,Euless,United States,,,TX - Euless -BioDiesel Terminal,76040,,NAM,TX,
1106,Toronto,Canada,,,ON - TORONTO - 4750 Sheppard Ave East,,,NAM,ON,
1107,Fairbank,United States,,,IA - Fairbank - FAIRBANK ETHANOL PLANT,50629,,NAM,IA,
1108,Iowa Falls,United States,,,IA - Iowa Falls - IOWA FALLS ETHANOL PLANT,50126,,NAM,IA,
1112,Hardisty,Canada,,,AB - Hardisty - HARDISTY TERMINAL,T0B 1V0,,NAM,AB,Other
1118,St. Louis,United States,,,MO - ST LOUIS - St. Louis Bremen Yard,63147,,NAM,MO,
1119,Dillon,United States,,,MT-Beaverhead,59725,,NAM,MT,Agriculture/Land-only
1121,Millhaven,Canada,,,ON - MILLHAVEN - Millhaven (Loyalist),,,NAM,ON,Agriculture/Land-only
1122,Lugoff,United States,,,SC - LUGOFF (Boyle Warehouse #1) (VV72),29078,,NAM,SC,
1123,Lugoff,United States,,,SC - LUGOFF (Boyle Warehouse #2) (Main Asset ID 995),29078,,NAM,SC,
1124,Lugoff,United States,,,SC - LUGOFF Standard Cleaning Facility (Main Asset ID 955),29078,,NAM,SC,
1130,Kingston,Canada,,,ON - KINGSTON - Kingston Warehouse,K7M 4W6,,NAM,ON,Warehouse/Storage
1133,Brandon,Canada,,,"1132 Sycamore Drive, Brandon, Manitoba (Residential House)",R7A 4H5,,NAM,MB,Residential
1134,Wichita,United States,,,KS - WICHITA - 4501 East 37th Street North,67220,,NAM,KS,
1136,Hartford,United States,,,IL - HARTFORD - Hartford Dock and Land,,,NAM,IL,
1153,Ingleside,United States,,,TX - Ingleside - INGLESIDE TERMINAL FRANCHISE AGREEMENT,78362,,NAM,TX,Other
1156,Tulsa,United States,,,OK - Tulsa - Eagle Point Land transferred to Zink,,,NAM,OK,
1341,Aachen,Germany,,,Germany-Aachen-Kackertstr,,,EMEA,,
1355,ARLES,France,,,France-ARLES-Parc d'Act,,,EMEA,,
1368,Tlalnepantla,Mexico,,,Mexico-Tlalnepantla-Avenida Ju,,,LATAM,Estado de Mexic,
1370,Parramatta,Australia,,,Australia-Parramatta-Suite 6 le,2150,,APAC,NSW,Office
1377,Shinagawa-ku,Japan,,,"Japan-Shinagawa-4th Floor,",,,APAC,Tokyo,
1378,Shanghai,China,,,China-Shanghai-Room 1801,,,APAC,,
1379,Seoul,"Korea, Republic of",,,"Korea-Geumcheon-gu-153-759, W",,,APAC,,
1381,"Dubai Airport Free Zone, PO Box 54829",United Arab Emirates,,,"UAE-Dubai Airport Free Zone, Building 5WA",,,EMEA,Dubai,
1438,Singapore,Singapore,,,SINGAPORE -  260 Orchard Road,238855,,APAC,Singapore,Office
1470,Tokyo,Japan,,,Japan-Tokyo-Sanno Park Tower,110-6121,,APAC,,Office
1476,Seoul,"Korea, Republic of",,,Korea-Seoul-Trade Tower,,,APAC,,Office
1489,Rozenburg,Netherlands,,,"Netherlands-Rozenburg-PX Bldg, R",,,EMEA,,
1490,Rozenburg,Netherlands,,,Netherlands-Rozenburg-Merseyweg (Main Asset),,,EMEA,,
1497,Gloucester,United Kingdom,,,UK-Gloucester-Ermin Street,GL3 4HP,,EMEA,Brockworth,
1508,"Wilton Centre, Redcar and Cleveland",United Kingdom,,,"UK-Wilton Centre, Redcar (IPT)",TS104RF,,EMEA,,
1536,Michelau/Oberfranken,Germany,,,Germany - Michelau Plant (Main Asset),,,EMEA,,
1540,Qingpu,China,,,CHINA-Qingpu-AnLon Airbag Fiber Plant (Land License),201700,,APAC,Shanghai,Agriculture/Land-only
1542,Uxbridge,Canada,,,ON - Uxbridge - 18 Dallas Street,L9P 1C6,,NAM,ON,Manufacturing/Plant/Industrial
1543,Mumbai,India,,,India - Vadodara - Factory,,,APAC,Vadodara,
1545,Brno,Czech Republic,,,Czech Republic - Brno - Prikop Prikop 834/8,,,EMEA,,
1546,Aprilia,Italy,,,Italy - Aprilia - Via Pontina,,,EMEA,Latina,
1547,Vinchiaturo,Italy,,,Italy - Vinchiaturo - Contrada Rosito,,,EMEA,Campobasso,
1550,Dudelange,Luxembourg,,,Luxembourg - Dudelange - Plant Buildings Only,L-3401,,EMEA,,
1551,Dudelange,Luxembourg,,,LUXEMBOURG - LAND only - Zone Industrielle Riedgen,L-3401,,EMEA,,
1554,Shanghai,China,,,China - Shanghai - (Buildings Only) 306 Bei Ying Road,,,APAC,,
1558,Berazategui,Argentina,,,Argentina - Buenos Aires - Av. Mitre y Calle 4 s/n,,,LATAM,Buenos Aires,Manufacturing/Plant/Industrial
1559,Quilmes,Argentina,,,Argentina - Buenos Aires - Extremo Norte de la chacra E del Cuartel IV,,,LATAM,Buenos Aires,Manufacturing/Plant/Industrial
1565,Rozenburg,Netherlands,,,Netherlands - Rozenburg (Buildings Only),,,EMEA,,
1568,Vlissingen,Netherlands,,,Netherlands - Vlissingen (Main Asset),4380 AK,,EMEA,Zeeland,
1580,"Wilton Centre, Redcar and Cleveland",United Kingdom,,,"UK-Wilton Centre, Redcar (Intermediates)",TS104RF,,EMEA,Redcar,Manufacturing/Plant/Industrial
1583,Lugano,Switzerland,,,Switzerland - Lugano - Corso Elevezia 23,,,EMEA,,
1585,Fairmont,United States,,,NE - Fairmont - Ethanol Plant,68253,,NAM,NE,Manufacturing/Plant/Industrial
1586,Chicago,United States,,,"KM Railways / KCBX Chicago, Illinois",60617,,NAM,IL,
1590,Athens,United States,,,GA-ATHENS-Excess Land (Main Asset ID 987),30601,,NAM,GA,Agriculture/Land-only
1594,Neuces County,United States,,,"TX - Neuces County, Viola Station",,,NAM,TX,Agriculture/Land-only
1597,Jim Wells County,United States,,,TX - Jim Wells County - Seeligson Station,,,NAM,TX,Agriculture/Land-only
1600,Orange,United States,,,TEXAS-ORANGE - Boiter Warehouse (Main Asset ID 1002)),77630,,NAM,TX,Warehouse/Storage
1603,Karnes City,United States,,,TX - Karnes County - Helena Station Buffer Land,78118,,NAM,TX,
1604,Victoria,United States,,,TX-VICTORIA-1211 Old Bloomington Rd. N. (Whelen Tower),77905,,NAM,TX,Agriculture/Land-only
1616,Osaka,Japan,,,JAPAN -  OSAKA - BREEZE TOWER-12TH FLOOR,,,APAC,,Office
1618,Wilmington,United States,,,NC - WILMINGTON,,,NAM,NC,
1620,Seaford,United States,,,DE-Seaford - Team Center (Main Asset ID 983),,,NAM,DE,Warehouse/Storage
1628,Shanghai,China,,,CHINA-Shanghai Yinglon (SCIP) Land Use Right,201507,,APAC,FengXian Distri,
1629,Cottage Grove,United States,,,MN - Cottage Grove - Pt. Secion 18-027-021,,,NAM,MN,Agriculture/Land-only
1630,Atlanta,United States,,,GA - ATLANTA - 100 Peachtree,30303,,NAM,GA,
1631,Brandon,Canada,,,"10 Rainbow Bay, Manitoba, Canada (Residential House)",R7B 4E8,,NAM,MB,
1642,Tuxford,Canada,,,Canada - SK - Tuxford,,,NAM,SK,
1643,Verdi,United States,,,KNC - Verdi Terminal,56164,,NAM,MN,
1644,Wolsey,United States,,,KNC - Wolsey Terminal,57384,,NAM,SD,
1646,Corson,United States,,,KNC - Corson Terminal,,,NAM,SD,
1647,Michelau,Germany,,,GERMANY - MICHELAU,,,EMEA,,
1652,Pettus,United States,,,TX - Bee County - Pettus House property,78104,,NAM,TX,
1655,Arthur,United States,,,IA - Arthur - Arthur Ethanol Plant,51431,,NAM,IA,
1666,Maitland,Canada,,,ON - MAITLAND (1036) - 25 Acres Surplus,,,NAM,ON,
1667,Sour Lake,United States,,,TX - Hardin County - Sour Lake,77659,,NAM,TX,
1668,Orange,United States,,,TX - ORANGE - SAJET PROPERTY (Main Asset 1002) (AA74),,,NAM,TX,Agriculture/Land-only
1671,Point Township,United States,,,PA - Northumberland Property (Blueknight),17857,,NAM,PA,
1675,Lugoff,United States,,,SC - LUGOFF (CAMDEN),29078,,NAM,SC,Warehouse/Storage
1676,Houston,United States,,,TX - HOUSTON - 2500 Wilcrest,77042,,NAM,TX,Office
1677,Beatrice,United States,,,"Sec. 15, T4N, R5E, Gage County, Beatrice, Nebraska",T4N-R5E,,NAM,NE,Other
1687,Enid,United States,,,OK - Enid - 180 acres N. of Plant (Corder - Meriwether),,,NAM,OK,Agriculture/Land-only
1688,Taft,United States,,,TX - San Patricio County - Midway Station,78390,,NAM,TX,Other
1689,Wichita,United States,,,KS - Wichita - Parcel 3 Koch Community Park,67220,,NAM,KS,
1692,Scottsdale,United States,,,AZ - Scottsdale - 18867 Thompson Peak Parkway,85258,,NAM,AZ,
1693,Iowa Falls,United States,,,IA - Iowa Falls - 720 S Oak Street,50126,,NAM,IA,Warehouse/Storage
1695,Enid,United States,,,OK - Enid - 74.1 Acres South of Plant (Lohse),,,NAM,OK,Agriculture/Land-only
1696,Fort Worth,United States,,,TX - Forth Worth - 1009 Haltom Rd.,76117,,NAM,TX,Other
1697,Fort Worth,United States,,,TX - Fort Worth - 910 S Riverside,76104,,NAM,TX,Other
1699,New Delhi,India,,,India - New Delhi - Janakpri - Unit 422,110058,,APAC,Delhi,Office
1701,Wichita,United States,,,KS - Wichita - Koch Glitsch Pilot Plant,67220,,NAM,KS,
1702,Edmonton,Canada,,,Canada - Edmonton - 5603 48th St.,,,NAM,AB,
1703,B-2110 Wijnegem,Belgium,,,Zone 1 De Hoek,,,EMEA,,
1704,Orange,United States,,,TX - ORANGE - ORANGE COUNTY OUTPARCELS,,,NAM,TX,Other
1705,Lugoff,United States,34.1932,-80.7068,SC - LUGOFF - MID CAROLINA CREDIT UNION,29078,,NAM,SC,Office
1711,Maitland,Canada,,,ON - MAITLAND,K0E 0A4,,NAM,ON,Agriculture/Land-only
1712,Enid,United States,,,OK - Enid - 80 acres NE of Plant (Rogers),,,NAM,OK,Agriculture/Land-only
1713,Taft,United States,,,TX - San Patricio County - 1 acre for Valve Site/Midway Station,,,NAM,TX,Agriculture/Land-only
1714,Sylacauga,United States,,,AL - Sylacauga - 660 Third Avenue (Warehouse owned/Ground Leased),35150,,NAM,AL,Agriculture/Land-only
1717,Vimercate,Italy,,,ITALY - VIMERCATE,20871,,EMEA,,
1718,London,United Kingdom,,,UK - LONDON - 20 GRESHAM,EC2V 7JE,,EMEA,,
1720,Eureka,United States,,,KS - EUREKA - Spring Creek Ranch (Ramon and Grace J. Lujan),67045,,NAM,KS,
1723,Conway,United States,,,Conway Terminal Recomm,67460,,NAM,KS,
1725,Watson,Canada,,,"Watson, SK Terminal",S0K4V0,,NAM,SK,
1727,Gillman,Australia,,,AUSTRALIA - GILLMAN - STOCKLAND WAREHOUSE,398768800,,APAC,Adelaide,
1739,Houston,United States,,,TX - Houston - 9822 La Porte Freeway (Petrologistics),77017,,NAM,TX,
1746,Coupland,United States,,,TX -Williamson County - 104 acres,78615,,NAM,TX,Agriculture/Land-only
1749,Shanghai,China,,,CHINA - (SHANGHAI) PILOT FREE TRADE ZONE,200120,,APAC,Pudong,Office
1750,Laporte,United States,,,MN - Hubbard County - LaPorte,56461,,NAM,MN,Agriculture/Land-only
1751,n/a,United States,,,MN - Morrison County - Fish Trap,,,NAM,MN,Agriculture/Land-only
1752,Annadale,United States,,,MN - Meeker - Forest City Site,55302,,NAM,MN,Agriculture/Land-only
1753,Glencoe,United States,,,MN - McLeod County - Plato Site,,,NAM,MN,Agriculture/Land-only
1754,Scott County,United States,,,MN - Scott County - St. Patrick Station,55379,,NAM,MN,Agriculture/Land-only
1756,Menahga,United States,,,MN - Hubbbard County - Sebeka,56464,,NAM,MN,Agriculture/Land-only
1760,San Antonio,United States,,,TX - San Antonio - 4800 Corner Parkway,78219,,NAM,TX,Agriculture/Land-only
1761,Lugoff,United States,,,SC - Lugoff - 2 Business Parkway Warehouse,29078,,NAM,SC,Warehouse/Storage
1762,San Patricio County,United States,,,TX-San Patricio County - 80 acres,,,NAM,TX,Agriculture/Land-only
1763,Arlington,United States,,,VA - ARLINGTON - 1320 N Courthouse Rd,22201,,NAM,VA,
1771,Wolsey,United States,,,KNC - Wolsey Terminal,57384,,NAM,SD,Other
1772,Pelham,United States,,,GA - Pelham - Southwest Georgia Ethanol Plant,31779,,NAM,GA,Manufacturing/Plant/Industrial
1774,Camden,United States,,,SC - Lugoff - Land Adjacent to Warehouse,29078,,NAM,SC,Agriculture/Land-only
1779,Didenheim,France,,,FRANCE - DIDENHEIM - 6 Brussels Avenue,68350,,EMEA,,
1782,Vadodara,India,,,"India - Gujarat - 3rd Floor, Block 2, Chhani",391740,,APAC,Gujarat,Office
1786,Arlington,United States,,,VA - ARLINGTON - 2300 Wilson Blvd.,22201,,NAM,VA,
1787,Baton Rouge,United States,,,6748 Complex Dr Baton Rouge LA,70809,,NAM,LA,Office
1788,Arlington,United States,,,VA - Arlington - 1310 N Courthouse Rd,22201,,NAM,VA,
1791,San Antonio,United States,,,TX - San Antonio North Fields Terminal,,,NAM,TX,
1792,Shanghai,China,,,CHINA - SHANGHAI  YINGLON (SCIP) (BUILDINGS ONLY) Main Asset,201507,,APAC,FengXian Distri,
1802,Fremont,United States,,,CA - Fremont - 46360 Fremont Blvd,94538,,NAM,CA,Office
1811,Shanghai,China,,,China - WGQ Free Trade Zone - Xinmao Building,200131,,APAC,,Other
1815,Cusano Milanino,Italy,,,Italy - Cusano - Milanino - Via Zucchi 39g,20095,,EMEA,Lombardy,Manufacturing/Plant/Industrial
1822,Sheung Shui,Hong Kong S. A. R.,,,Hong Kong - Landmark East  39 Lung Sum,,,APAC,New Territories,
1829,Nagoya,Japan,,,Japan - Nagoya - Nagoya Toho Building,450-0002,,APAC,Aichi,Office
1832,Yokohama,Japan,,,Japan - Yokohama - Nisso Building 13,,,APAC,Kanagawa,
1833,Bangalore,India,,,India - Bangalore - Sadarmangala Industrial Area,560 048,,APAC,Karnataka,Manufacturing/Plant/Industrial
1838,Bangpakong,Thailand,,,"No. 71/4 Moo. 5, Bangpakong Industrial Park; Bangn",24130,,APAC,Chachoengsao,
1842,Shanghai,China,,,China - Shanghai  - No. 889 Ying lun Road,200131,,APAC,Pudong,Manufacturing/Plant/Industrial
1844,Bangpakong,Thailand,,,Thailand - Bangpakong - Bangpakong Industrial Park,24130,,APAC,Chachoengsao,
1846,Austin,United States,,,TX - Austin - Oakpointe Office Building,78759,,NAM,TX,Office
1847,Fukuoka,Japan,,,Japan - Fukuoka - Okabe Building,812-0111,,APAC,Kyushu,
1848,Walldorf,Germany,,,Germany - Walldorf - Otto-Hahn-Str. 1b,69190,,EMEA,Baden-Wurttembe,Office
1852,Eindhoven,Netherlands,,,Netherlands - Eindhoven - Office & Parking Lot,5657,,EMEA,North Brabant,
1857,Lincoln,United States,,,NE - Lincoln - 700 Kingbird Road,68521,,NAM,NE,
1859,Ansan,"Korea, Republic of",,,"Korea - Ansan - 169, Sandan-ro, Danwon-gu",425-851,,APAC,Gyeonggi,Manufacturing/Plant/Industrial
1860,Kagoshima,Japan,,,"Japan - Kagoshima - 750-3 Naganoda-cho, Kanoya City",,,APAC,Kyushu,Manufacturing/Plant/Industrial
1861,Gwangju,"Korea, Republic of",,,"Korea - Gwangju - 169, Pyeongdongsandan 3beon-ro, Gwangsan-gu",,,APAC,Gwangju,Manufacturing/Plant/Industrial
1863,Maumelle,United States,,,AR- Maumelle - 801 Murphy Drive,72113,,NAM,AR,
1864,Bloomington,United States,,,MN - Bloomington - 8120 Penn Avenue South,55431,,NAM,MN,Office
1865,Belvidere,United States,,,IL - Belvidere - 844 East Jackson Street,61008,,NAM,IL,Manufacturing/Plant/Industrial
1867,Rio Rico,United States,,,AZ - Rio Rico - 903 E. Frontage Road,85648,,NAM,AZ,
1871,El Salto,Mexico,,,Mexico - El Salto - Av. De la Productividad Oriente #305,45690,,LATAM,Jalisco,Manufacturing/Plant/Industrial
1872,Sanchong District,Taiwan,,,Taiwan - Sanchong - No. 44 Jhongsing N. St.,,,APAC,New Taipei City,Manufacturing/Plant/Industrial
1874,North Harbour,United Kingdom,,,UK - Portsmouth - Building 1000 Lakeside,PO6 3EN,,EMEA,Portsmouth,
1876,Dubai,United Arab Emirates,,,United Arab Emirates - Dubai Airport Free Zone,,,EMEA,,
1880,Gandhinagar,India,,,"India - Gujarat - C-7 & 8, GIDC Electronic Estate",382044,,APAC,Gujarat,
1882,Dongguan,China,,,"China - Dongguan -  7 and 19 Ming Hua Road, No.3 Industrial Area",523298,,APAC,Guangdong Provi,Manufacturing/Plant/Industrial
1884,Barcelona,Spain,,,"Spain - Barcelona - Calle Valencia, 307-313",8009,,EMEA,Catalonia,Office
1891,Dalian,China,,,China - Dalian - 27 Gangshun; Dalian Economic & Tech. Dvlpmt. Zone,,,APAC,Liaoning,Manufacturing/Plant/Industrial
1894,Nogales,Mexico,,,Mexico - Nogales - Calzada Industrial Nuevo Nogales S/N,84094,,LATAM,Sonora,Manufacturing/Plant/Industrial
1901,Kanagawa,Japan,,,Japan - 1-5-4 Fukami-Higashi,242-8585,,APAC,Honshu,Office
1902,Tamhsui,Taiwan,,,Taiwan - Tamhshui - 100-3 Shia-Kwei-Rou-Shan,251,,APAC,Taipei Hsien,Manufacturing/Plant/Industrial
1903,Lincoln,United States,,,NE - Lincoln - 1000 W. Upland Avenue,68521,,NAM,NE,Warehouse/Storage
1905,Jurong Town,Singapore,,,Singapore - Jurong Town - 110 International Road (Building),629174,,APAC,Jurong Town,
1909,El Paso,United States,,,TX - El Paso - 11501 James Watt Drive,79936,,NAM,TX,Warehouse/Storage
1910,Shizuoka,Japan,,,Japan - Shizuoka - MFG 1351 - 2 Sumiyoshi,421-0301,,APAC,Chubu,Manufacturing/Plant/Industrial
1913,Lincoln,United States,,,NE - Lincoln - 1400 West Bond Circle,68521,,NAM,NE,
1914,Mooresville,United States,,,IN - Mooresville - 1500 Hancel Parkway,46158,,NAM,IN,
1917,Naperville,United States,,,IL - Naperville - 1750 Country Farm Drive,60563,,NAM,IL,
1918,Bievres,France,,,France - Bievres - 18 Parc Burospace,91570,,EMEA,Bievres,Office
1922,Waterloo,Canada,,,Canada - ON - Waterloo - 216 Bathurst Drive,N2V 2L7,,NAM,ON,
1924,Lisle,United States,,,IL - Lisle - Molex Headquarters,60532,,NAM,IL,Office
1930,Ramat Gan,Israel,,,Israel - Ramat Gan - Paz Towers I,5252001,,EMEA,,
1932,Osaka,Japan,,,Japan - Osaka -  Pias Tower,530-0047,,APAC,,Office
1934,Pune,India,,,"India - Wagholi, Gat No 648/1, Janai Sadan Pune - Nagar Road Near Kesnand Cross",412208,,APAC,Maharashtra,Manufacturing/Plant/Industrial
1936,Bangalore,India,,,India - Bangalore - Sadaramangala Industrial Area,560067,,APAC,Kadugodi,Manufacturing/Plant/Industrial
1938,Hanoi,Viet Nam,,,Vietnam - Hanoi - Thang Long Industrial Park,,,APAC,Hanoi,
1941,Zhenjiang,China,,,China  - Zhenjiang - RunZhou Economic Development Area,,,APAC,Jiangsu Provinc,Manufacturing/Plant/Industrial
1950,Farnham,United Kingdom,,,UK - Farnham - The Millennium Centre,GU9 7XG,,EMEA,Surrey,
1951,Tianjin,China,,,"China - Tianjin - International Building, Room 505",300051,,APAC,,Office
1953,Sulecin,Poland,,,Poland - Sulicin - ul. Poznanska 23,69-200,,EMEA,woj. Lubuskie,
1954,Lubiszewo,Poland,,,"Poland - Lubiszewo - ul. Tczewska 2, Rokitki",83-112,,EMEA,Pomeranian,Manufacturing/Plant/Industrial
1958,Cernusco sul Naviglio,Italy,,,Italy - Milan - Via Grandi No. 8,20063,,EMEA,Milan,
1960,Padua,Italy,,,Italy - Padua - Via Nona Strada 33,35129,,EMEA,Padua,
1961,Padova,Italy,,,"Italy - Padova - Via Nona Strada, 29",35129,,EMEA,Veneto,
1963,Beijing,China,,,China - Beijing- Cofco Plaza,100005,,APAC,Beijing,Office
1970,Phoenix,United States,,,AZ - Phoenix - Deer Valley Industrial Park,85023,,NAM,AZ,Manufacturing/Plant/Industrial
1972,Sao Paulo,Brazil,,,Brazil - Sao Paulo - Edificio Empresarial Bachianas,05037-030,,LATAM,Sao Paulo,Office
1976,Stockholm,Sweden,,,Sweden - Stockholm - Farogatan 33,S164 51,,EMEA,Sodermanland & ,
1980,Ettlingen,Germany,,,Germany - Ettlingen - Grashofstrasse 17,76275,,EMEA,Baden-W?rttemb,Manufacturing/Plant/Industrial
1986,Brno,Czech Republic,,,Czech Republic - Brno -  IBC Prikop St - Sales Office,602 00,,EMEA,South Moravian,
1987,Dongguan,China,,,"China - Dongguan - Industrial Area, ZuZhou Shijie Town",,,APAC,Guangdong,Residential
1989,Cd. Juarez,Mexico,,,Mexico - Cd. Juarez - Parque Industrial,32575,,LATAM,Chihuahua,Manufacturing/Plant/Industrial
1995,Kechnec,Slovakia (Slovak Republic),,,Slovakia - Kechnec - Kechnec 265,044 58,,EMEA,Kosice,Manufacturing/Plant/Industrial
1996,Durham,United States,35.876139,-78.8639098,"NC - Durham - Keystone Office Park, Building 300",27560,,NAM,NC,Office
1998,Kumagaya,Japan,,,Japan - Kumagaya - Aioi Nissay Kumagaya Yoshimi Building,,,APAC,Saitama,Office
1999,St. Petersburg,United States,,,FL - St. Petersburg - 2375 72nd Street North,33710,,NAM,FL,
2000,Perai,Malaysia,,,Malaysia - Penang - 2607 Jalan Perusahaaan,13600,,APAC,Penang,
2009,Bolingbrook,United States,,,IL - Bolingbrook - 3 Sammons Court,60440,,NAM,IL,
2015,Kagoshima,Japan,,,"Japan - Kagoshima - 3949-11 Kawanishi-cho, Kanoya City",,,APAC,Kyushu,Manufacturing/Plant/Industrial
2016,Kagoshima,Japan,,,"Japan - Kagoshima - 3949-3 Kawanishi-cho, Kanoya City",,,APAC,Kyushu,Manufacturing/Plant/Industrial
2017,Kagoshima,Japan,,,"Japan - Kagoshima - 3949-8 Kawanishi-cho, Kanoya City",,,APAC,Kyushu,Manufacturing/Plant/Industrial
2019,Ansan,"Korea, Republic of",,,"Korea - Ansan - 401-404,510, Hwarang-ro, Sangnok-gu",,,APAC,Gyeonggi,Residential
2024,Pinellas Park,United States,,,FL - Pinellas Park - 4650 62nd Avenue North,33781,,NAM,FL,
2027,Downers Grove,United States,,,IL - Downers Grove - 5224 Katrine Avenue,60515,,NAM,IL,
2029,Melton,Australia,,,Australia - Melton - 60-78 Abey Road,3012,,APAC,Victoria,Warehouse/Storage
2031,Markham,Canada,,,Canada - Markham - 610 Alden Road,L3R 9Z1,,NAM,ON,Office
2035,Le Thuit Anger,France,,,France - Z.A. du Thuit Anger,27370,,EMEA,,
2046,Shannon,Ireland,,,"Ireland - Shannon - Site 2, 3 & 7, Shannon Industrial Estate",,,EMEA,County Clare,
2048,South Grafton,United States,,,MA - South Grafton MA manufacturing,1560,,NAM,MA,Manufacturing/Plant/Industrial
2051,Kolkata,India,,,India - Kolkata - Apeejay Business Centre,700 016,,APAC,West Bengal,Office
2052,Chennai,India,,,"INDIA - Thiruvanmiyur, Chennai",600 041,,APAC,Tamil Nadu,Office
2059,Buenos Aires,Argentina,,,Argentina - Buenos Aires - Av. Del Libertador 7820,C1429 BMY,,LATAM,Capital Federal,Office
2061,Bievres,France,,,"France - Bievres - Parc Burospace, Building 25",91570,,EMEA,,Office
2063,"Barrio Budangol, Mabalacat",Philippines,,,Philippines - Pampanga - TECO Special Economic Zone 3,,,APAC,Pampanga,
2064,Costa Mesa,United States,,,CA - Costa Mesa - 3545 Harbor Boulevard,92626,,NAM,CA,Office
2065,Shenzhen,China,,,"China - Shenzhen - 25/F, Tower Three, Kerry Plaza",518048,,APAC,Guangdong,Office
2074,Munich,Germany,,,Germany - Munich - Stahlgruberring 29,81829,,EMEA,,Office
2076,Leipzig,Germany,,,Germany - Jesewitz - Leipzip -  Gostemitzer Str. 23,4838,,EMEA,Jesewitz,
2083,Torrington,United States,,,CT - Torrington - Light Manufacturing and Parking Lot,6790,,NAM,CT,Manufacturing/Plant/Industrial
2084,Maumelle,United States,,,AR - Maumelle - Burkhalter Commercial Business Park,72113,,NAM,AR,Warehouse/Storage
2088,Ciserano,Italy,,,Italy - Ciserano - Via Madrid 6,24040,,EMEA,Madrid,
2089,Bangalore,India,,,"India - Bangalore - Crystal, Kalyani Platina Building",560066,,APAC,Karnataka,Office
2091,Suzhou,China,,,China - Suzhou - Suchun Industrial Square,215021,,APAC,Jiangsu,Office
2094,Ciserano,Italy,,,"Italy - Bergamo - Via Madrid, 2 - Ciserano (BG)",24040,,EMEA,Bergamo,
2096,Verdellino,Italy,,,"Italy - Verdellino - Via Copenaghen, 7 - Verdellino (BG)",,,EMEA,Bergamo,
2104,Carlsbad,United States,,,CA - Carlsbad - 2431 Impala Drive,92010,,NAM,CA,
2112,Rochester Hills,United States,,,MI - Rochester Hills - 3499 W Hamlin Road,48309,,NAM,MI,Manufacturing/Plant/Industrial
2116,Vlissingen,Netherlands,,,NETHERLANDS - VLISSINGEN-VCB,,,EMEA,,
2119,Pointe Claire,Canada,,,CN - Quebec - 119 Brunswick,H9R 5N2,,NAM,QC,Manufacturing/Plant/Industrial
2120,Rosalia,United States,,,KS - Butler County - 637 acres,67132,,NAM,KS,
2121,Sligo,Ireland,,,Ireland - Galway - Phillips-Medisize Sligo Industrial Estate,,,EMEA,Galway,Manufacturing/Plant/Industrial
2123,Coral Gables,United States,,,FL - CORAL GABLES - (REGUS) 23332 GALIANO STREET,33134,,NAM,FL,
2124,Williamsville,United States,,,NY - Williamsville - 425 Essjay Road (Buffalo),14221,,NAM,NY,Manufacturing/Plant/Industrial
2125,Des Moines,United States,,,"Des Moines Trap (0.993 acres, Polk County, Iowa)",,,NAM,IA,Agriculture/Land-only
2129,Warsaw,Poland,,,Poland - Warsaw - Gdanski Business center Building B,00-189,,EMEA,Warsaw,
2130,Decatur,United States,,,GA - Decatur - 2883 Miller Road,30035,,NAM,GA,Office
2131,Sylacauga,United States,,,AL - Sylacauga - 106 Fitts Drive,,,NAM,AL,
2134,Green Bay,United States,,,WI - Green Bay - 111 W Mason St,54303,,NAM,WI,
2136,Beijing,China,,,"China - Beijing - Room 1908, No. 4 Bldg., No. 93 Jianguo Road",,,APAC,Chaoyang Distri,
2137,Delmita,United States,,,TX - Delmita - Sunfield Station,,,NAM,TX,
2138,Eleva,United States,,,WI - Eleva - Eau Clair Station - E3660 Spruce Road,,,NAM,WI,
2142,Reno,United States,,,NV - Reno - 887 Trademark,89521,,NAM,NV,
2144,Beijing,China,,,CHINA - BEIJING - REGUS CHINA LIFE TOWER,100020,,APAC,Chaoyang Distri,Office
2146,Enid,United States,,,OK - Enid - House (1914 S 90th St),,,NAM,OK,
2147,Vernier,Switzerland,,,SWITZERLAND - VERNIER (GENEVA),1214,,EMEA,Geneva (Canton),
2148,New Delhi,India,,,INDIA - NEW DELHI - PAHARPUR BUSINESS CENTRE,110019,,APAC,New Delhi,Office
2150,Hayward,United States,,,CA - Hayward - Greenhouse Building,,,NAM,CA,
2151,New Taipei City,Taiwan,,,"Taiwan - New Taipei City - No. 118, Wugong Road",,,APAC,,Manufacturing/Plant/Industrial
2152,Sylacauga,United States,,,AL - Sylacauga - 1411 Edwards St (land is part of Ground Lease),,,NAM,AL,
2153,Pepper Pike,United States,,,OH - Pepper Pike - 31100 Pinetree Drive,44124,,NAM,OH,
2154,Krefeld,Germany,,,GERMANY - KREFELD - Kleinewefersstr. 1,47803,,EMEA,,
2158,Corpus Christi,United States,,,TX - Corpus Christi - Viola Station Lease,,,NAM,TX,
2161,Moscow,Russian Federation,,,RUSSIAN FEDERATION - MOSCOW - PARK PLACE,117198,,EMEA,,
2162,Madrid,Spain,,,SPAIN - MADRID - 63 Calle Colombia,28010,,EMEA,Madrid,
2163,Budapest,Hungary,,,Hungary - Budapest - WestPoint Building,,,EMEA,,
2168,Bolingbrook,United States,,,Molex 3PL Agreements,60440,,NAM,IL,Other
2170,Istanbul,Turkey,,,Turkey - Instanbul - Eski Buyukdere Cad Maslakno,,,EMEA,,
2172,Taguig City,Philippines,,,PHILIPPINES - MANILA - NET CUBE GLOBAL CITY,1634,,APAC,Manila,Office
2173,n/a,United States,,,TX - Guadalupe County - Gembler Rd,78219,,NAM,TX,Agriculture/Land-only
2174,New Braunsfels,United States,,,TX - Guadalupe County - 800 Ridgecliff Drive,,,NAM,TX,
2176,Superioir,United States,,,WI - Superior - .77 acres,,,NAM,WI,
2177,Superior,United States,,,WI - Superior - 194.5 acres,,,NAM,WI,
2180,New Taipei City,Taiwan,,,Taiwan - New Taipei City - Lane 235 Pao Ciao Road,,,APAC,,Manufacturing/Plant/Industrial
2181,Zhuhai,China,,,China - Guangdong - Zhuhai - 30th Place,,,APAC,Guangdon,Manufacturing/Plant/Industrial
2182,Zhuhai,China,,,China - Guangdong - Zhuhai - Dormitory,,,APAC,Guangdong,Residential
2183,Shanghai,China,,,"China - Shanghai - Jiading District, Building 6, 2465",,,APAC,,Manufacturing/Plant/Industrial
2184,Wuhan,China,,,China - Hubei - Wuhan - Office,,,APAC,Hubei,Office
2185,Hubei,China,,,China - Hubai - Wuhan - Office,,,APAC,Wuhan,Office
2186,Hubei,China,,,China - Hubei - Wuhan - Office,,,APAC,Wuhan,Office
2190,"Bray, Co. Wicklow",Ireland,,,"Ireland - Bray, Co. Wicklow, Dargle Road",,,EMEA,,
2191,Camarillo,United States,,,CA - Camarillo - 741 Flynn Road,93012,,NAM,CA,Manufacturing/Plant/Industrial
2192,Cumbernauld,United Kingdom,,,UK - Scotland - Cumbernauld - Boolean House,,,EMEA,Scotland,
2193,Yorba Linda,United States,,,CA - Yorba Linda - 17451 Bastanchury Road,92886,,NAM,CA,Office
2194,Bel Air,United States,,,MD - Bel Air - 6 Office Street,21014,,NAM,MD,Office
2196,Hudson,United States,,,WI - Hudson - 1201-1203 Beaudry,54016,,NAM,WI,Warehouse/Storage
2197,Menomonie,United States,,,WI - Menomonie - 408 Cedar,54751,,NAM,WI,Warehouse/Storage
2198,Lehmo,Finland,,,Finland - Lehmo - Lammintie 1,80710,,EMEA,,
2200,Letterkenny,Ireland,,,Ireland - Letterkenny - High Road,,,EMEA,,
2201,Nurensdorf,Switzerland,,,Switzerland - Nurensdorf - Hakabstrasse 5,,,EMEA,,
2203,Trhove Sviny,Czech Republic,,,Czech Republic - Trhove Sviny,,,EMEA,,
2205,Hudson,United States,,,WI - Hudson - 1201 Hanley Road,54016,,NAM,WI,Office
2206,Phillips,United States,,,WI - Phillips - One Plastics Place,54555,,NAM,WI,Manufacturing/Plant/Industrial
2207,Phillips,United States,,,WI - Phillips - 1156 South Airport Road,54555,,NAM,WI,Manufacturing/Plant/Industrial
2208,Eau Claire,United States,,,WI - Eau Claire - 2930 Mondovi Road,54701,,NAM,WI,Manufacturing/Plant/Industrial
2209,Eau Claire,United States,,,WI - Eau Claire - 3449 Sky Park Blvd,54701,,NAM,WI,Manufacturing/Plant/Industrial
2210,Eau Claire,United States,,,WI - Eau Claire - 1233 International Drive,54701,,NAM,WI,Manufacturing/Plant/Industrial
2211,Medford,United States,,,WI - Medford - 939 South Whelen Ave,54451,,NAM,WI,Manufacturing/Plant/Industrial
2212,New Richmond,United States,,,WI - New Richmond - 705 Wisconsin Drive,54017,,NAM,WI,Manufacturing/Plant/Industrial
2214,Ottawa,Canada,,,CANADA - ONTARIO - OTTAWA,K2E 7K3,,NAM,ON,Other
2215,Shanghai,China,,,CHINA - SHANGHAI - TIMES SQUARE,200122,,APAC,,Office
2216,Blovice,Czech Republic,,,Czech Republic - Blovice - Letiny 135,336 01,,EMEA,,
2225,Guangdong,China,,,"China - Yue Hai International Garden, Plaza 2, Building 8, Suite 602",510280,,APAC,Guangzhou,Residential
2230,Wuhan,China,,,China - Hubei - Wuhan - Office,,,APAC,Hubei,Office
2232,Bristol,United Kingdom,,,UK - Bristol - Innovation Centre at Bristol & Bath Science Park,,,EMEA,,
2233,Menomonie,United States,,,WI - Menomonie - 412 Red Cedar St,57751,,NAM,WI,
2235,Navi Mumbai,India,,,India - Mumbai - Seawoods Grand Central,,,APAC,Maharashtra,
2237,Beijing,China,,,CHINA - BEIJING - FORTUNE FINANCIAL CENTER,100020,,APAC,,Office
2238,Macao,Macau S. A. R.,,,"Macau - Nanwan Road, No. 619-Times Business Center",946,,APAC,,Office
2239,Chattanooga,United States,,,TN - CHATTANOOGA - REGUS,37402,,NAM,TN,
2240,Lambach,Austria,,,Austria - Lambach - NegrelistraBe 1,4650,,EMEA,,Office
2241,Hsinchu,Taiwan,,,"Taiwan - Hsinchu - 1-2F, No. 26 & 28",30077,,APAC,Taiwan,Office
2242,Chiba City,Japan,,,"Japan- Chiba City - 2-6-1 Nakase, Mihama-ku, Chiba-shi,",,,APAC,Chiba-ken,Office
2251,Quer?taro,Mexico,,,Mexico - Queretaro - Av. La Monta?a #125,76215,,LATAM,Quer?taro,Manufacturing/Plant/Industrial
2253,Quer?taro,Mexico,,,Mexico - Queretaro - Jurica #124,76215,,LATAM,Quer?taro,Warehouse/Storage
2254,Medford,United States,45.125162,-90.357314,WI - Medford - 650 Jenson Drive,54451,,NAM,WI,Warehouse/Storage
2255,Clinton,United States,,,MA - Clinton - 1 Union Street,1510,,NAM,MA,Manufacturing/Plant/Industrial
2256,Westborough,United States,42.2870236,-71.6213702,MA - Westborough - 23 Bridle Lane,1581,,NAM,MA,Manufacturing/Plant/Industrial
2259,Menomonie,United States,,,WI - Phillips Menomonie Campus-422 Technology Drive,54751,,NAM,WI,Manufacturing/Plant/Industrial
2260,Clearbrook,United States,46.25024,-94.25055,MN - Clearbrook - Pt. NW/4 32-149N-37W,,,NAM,MN,Other
2261,Arlington,United States,,,VA - ARLINGTON - ARLINGTON COURTHOUSE PLAZA II,22201,,NAM,VA,
2262,Brandon,Canada,,,MB - Brandon - 457 9th Street,R7A 4A9,,NAM,MB,Office
2263,Suzhou,China,,,"China - Jiangsu, Unit 22, Gangtian Industrial Square No. 99",,,APAC,Jiangsu,Manufacturing/Plant/Industrial
2264,Struer,Denmark,,,Denmark - Struer - Gimsinglundvej 20,7600,,EMEA,,Manufacturing/Plant/Industrial
2267,Chattanooga,United States,,,TN - Chattanooga - Out Parcels C & D,,,NAM,TN,
2271,Hyderabad,India,,,India - Hyderabad - Business Centre Office,500034,,APAC,Telangana,Office
2272,Lyon 03,France,,,FRANCE - LYON,69326,,EMEA,,
2274,Walldorf,Germany,,,Germany - Walldorf- Otto-Hahn-Str. 1A,,,EMEA,,
2275,Enid,United States,,,OK - Enid - 226 acres South of Plant (Ediger),73701,,NAM,OK,Agriculture/Land-only
2276,Barueri,Brazil,,,"Brazil - Sao Paulo - Barueri - 60, Grajau Avenue, 19th floor - Rooms 1904, 1905 & 1906",,,LATAM,Sao Paulo,Office
2277,Stoke-on-Trent,United Kingdom,,,UK - Stoke-on-Trent -Three Counties House,,,EMEA,,
2278,Kirkland,United States,,,WA - Kirkland - 4020 Lake Washington Blvd NE,98033,,NAM,WA,Office
2279,New York,United States,,,NY - New York - Empire State Building,10118,,NAM,NY,Office
2280,Bangalore,India,,,India - Bangalore - Bengaluru North Yelahanka,,,APAC,Bengaluru North,Manufacturing/Plant/Industrial
2281,Montpellier,France,,,FRANCE - MONTPELLIER,34000,,EMEA,,
2288,Brandon,Canada,,,Canada - MB - Brandon  - 1400 17th Street,R7A 7C4,,NAM,MB,Manufacturing/Plant/Industrial
2293,Denver,United States,,,CO- Denver - 1401 Lawrence,,,NAM,CO,
2295,Buda,United States,,,TX - Hays County - Buda,78610,,NAM,TX,Agriculture/Land-only
2296,Wright,United States,,,KS - Wright - 10958 116 Road,67882,,NAM,KS,Agriculture/Land-only
2297,Mississauga,Canada,,,Canada - Ontario - Mississauga - 2000 Argentia,L5N 2R7,,NAM,ON,
2302,Shanghai,China,,,CHINA - SHANGHAI - CHENGLIU MIDDLE ROAD,,,APAC,,Residential
2303,Melbourne,Australia,,,Australia - Melbourne - 492 St Kilda Road,3004,,APAC,Victoria,Office
2306,Quer?taro,Mexico,,,Mexico - Queretaro - Av. Benito Juarez #109,76215,,LATAM,Quer?taro,Manufacturing/Plant/Industrial
2307,Bangalore,India,,,INDIA - KALYANI PLATINA - PINE BUILDING,560066,,APAC,Karnakata,Office
2308,,,,,Test,,,,,
2309,Conway,United States,35.1053522,-92.4386616,AR - Conway - 1000 SWN Dr,72032,,NAM,AR,Office
2310,Kariya,Japan,,,Japan - Kariya City - Kariyashi Minami Sakura Building,,,APAC,Aichi,Office
2313,Manama,Bahrain,,,"Bahrain-Manama-Bahrain World Trade Center, West Tower, 26th Floor",,,EMEA,,
2316,Shanghai,China,,,China - Shanghai - No. 968 Jinzhong Road,200335,,APAC,,Office
2317,Suzhou,China,,,China-Suzhou-Suzhou Industrial Park,215021,,APAC,Jiangsu,Agriculture/Land-only
2318,XiaoGan,China,,,"China-XiaoGan, Dongshan Seventh Road (Ground Lease)",432000,,APAC,Hubei,Agriculture/Land-only
2322,Dudelange,Luxembourg,,,Luxembourg Plat: Bettenbourg Section A; Dudelange Section A (Leased Land for Building ID 2573),,,EMEA,,
2323,Bascharage,Luxembourg,,,"Luxembourg, Plat: Bommelscheuer Section D, Lot A (Leased Land - Buildings on 2572)",,,EMEA,,Agriculture/Land-only
2324,Canejean,France,,,"France-Canejean-4/6 Avenue Ferdinand de Lesseps, Building C",33610,,EMEA,,
2325,Communay,France,,,France-Communay-Zac Val De Charvas 69360,69360,,EMEA,,Warehouse/Storage
2332,Covington,United States,,,GA - Covington - 10101 Hazelbrand Road,30014,,NAM,GA,Warehouse/Storage
2333,DeWitt,United States,,,IA - Dewitt - 112 Third Avenue East,52742,,NAM,IA,Manufacturing/Plant/Industrial
2339,Chicago,United States,,,IL-Chicago-4130 South Morgan Avenue,60609,,NAM,IL,Manufacturing/Plant/Industrial
2340,a/k/a 4161 S Morgan Street,60609,,,IL-Chicago-929 West Exchange Street,Chicago,,IL,,Leased
2342,Ankleshwar,India,,,"India - Gujarat, Kondh, Taluka",393011,,APAC,Gujarat,Agriculture/Land-only
2345,Yokohama-shi,Japan,,,Japan-Yokohama 501 Shin Yokohama UU Bldg,222-0033,,APAC,,Office
2348,Bertrange,Luxembourg,,,"Luxembourg-Bertrange-Atrium Business Park-Extimus Building 19, rue du Puits Romain L-8070",L-8070,,EMEA,,Manufacturing/Plant/Industrial
2355,Monroe,United States,41.913849,-83.372954,MI - Monroe - 300 Detroit Ave,48162,,NAM,MI,Warehouse/Storage
2356,Newport,United States,,,MI - Newport - 7986 N Telegraph Rd,48166,,NAM,MI,Warehouse/Storage
2357,Troy,United States,42.595947,-83.1679397,MI - Troy-800 Tower Drive,48098,,NAM,MI,Office
2358,Ballwin,United States,,,MO - Ballwin - 13515 Barrett Parkway Dr,63021,,NAM,MO,Office
2359,Farmington,United States,,,MO - Farmington - 2055 Progress Dr,63640,,NAM,MO,Manufacturing/Plant/Industrial
2365,Geneva,United States,42.8857545,-76.9709612,NY - Geneva - 50 Forge Ave,14456,,NAM,NY,Manufacturing/Plant/Industrial
2368,Millbury,United States,41.560102,-83.400474,OH - Millbury - Farmland Lease,43619,,NAM,OH,Agriculture/Land-only
2375,Boleslawiec,Poland,,,"Poland-Boleslawiec-ul. Przemyslowa 1, 59-700",,,EMEA,,
2376,Katowice,Poland,,,"Poland-Katowice-ul. Uniwersytecka 13, 40-007",,,EMEA,,Office
2378,Rostov Region,Russian Federation,,,"Russia-Rostov-1, Ul. Sodruzhestva",346353,,EMEA,,
2379,"Al Jubail, Eastern Province",Saudi Arabia,,,Saudi Arabia - Al Jubail - Tareeq 251,31961,,EMEA,,
2385,Capetown,South Africa,,,"South Africa - Capetown, Remainder of ERF 170980, Site No. 37, Airport City Business Park",,,EMEA,,
2386,Durban,South Africa,,,"South Africa - Durban, 3 Clydebank Road",,,EMEA,,Warehouse/Storage
2387,Johannesburg,South Africa,,,"South Africa -Johannesburg-  Boksburg,  The Burns Industrial Park, Unit 2, 12 A Jet Park Rd",1459,,EMEA,,Warehouse/Storage
2388,Alicante,Spain,,,"Spain - Alicante - c/Martillo 36, 06390 San Vicente del Raspeig",3690,,EMEA,,
2389,Zaragoza,Spain,,,"Spain - Zaragoza - La Cartuya Baja - C/ Efedra No. 9, Nave 20B",50720,,EMEA,,Warehouse/Storage
2390,Madrid,Spain,,,"Spain - Madrid - Fuenlabrada - C/Arquimedes, 61A",28946,,EMEA,,Manufacturing/Plant/Industrial
2391,Vigo,Spain,,,Spain - Pontevedra - Vigo - Carretera Vieja Madrid 12,,,EMEA,Pontevedra,
2392,La Coruna,Spain,,,"Spain - La Coruna - Poligono de Bergondo, Nave 4, Parcela B-10",15165,,EMEA,Madrid,
2393,Pamplona,Spain,,,Spain - Navarra -Pamplona - Poligono Industrial Mutilva Baja C/T 16,31192,,EMEA,Navarra,Warehouse/Storage
2394,Sabadell,Spain,,,"Spain - Barcelona - Sabadell - C/Can Gener, 12, Poligono Industrial Can Roquetes",,,EMEA,Barcelona,
2395,Malaga,Spain,,,"Spain - Malaga - Malaga - C/Argonautas, 49 Oficina 12",,,EMEA,Malaga,
2396,Aljaraque,Spain,,,"Spain - Huelva - Aljaraque - Parque Empresarial La Raya, C/Fomento 34",21110,,EMEA,Huelva,
2398,Paterna,Spain,,,"Spain - Paterna (Valencia),calle Ciudad de Gibraltar, numero 24, segunda crujia",46988,,EMEA,,
2401,Newbern,United States,,,TN-Newbern-100 Fabrite Rd,38059,,NAM,TN,Manufacturing/Plant/Industrial
2407,Baraboo,United States,43.073051,-89.40123,WI-Baraboo-1055 Lake Street,53913,,NAM,WI,Manufacturing/Plant/Industrial
2408,Sun Prairie,United States,,,WI-Sun Prairie - 150 Business Park Drive,53590,,NAM,WI,Manufacturing/Plant/Industrial
2409,Kingsburg,United States,,,CA-Kingsburg-11535 East Mountain View,93631,,NAM,CA,Manufacturing/Plant/Industrial
2410,Covington,United States,,,GA - Covington-10116 Industrial Boulevard,30014,,NAM,GA,Manufacturing/Plant/Industrial
2411,DeWitt,United States,,,"IA - DeWitt - 300 South 5th Avenue, East",52742,,NAM,IA,Manufacturing/Plant/Industrial
2412,Chicago,United States,,,IL - Chicago  -2857 South Halsted,60608,,NAM,IL,Manufacturing/Plant/Industrial
2413,Evansville,United States,,,IN - Evansville - 601 North Congress Ave,47715,,NAM,IN,Manufacturing/Plant/Industrial
2414,Morehead,United States,,,KY - Morehead - 200 Guardian Avenue,40351,,NAM,KY,Manufacturing/Plant/Industrial
2415,Auburn Hills,United States,42.7004336,-83.2508998,MI - Auburn Hills - 2300 Harmon Road,48326,,NAM,MI,Office
2416,Carleton,United States,,,MI  -Carleton - 14600 Romine Road,48117,,NAM,MI,Manufacturing/Plant/Industrial
2417,Carleton,United States,,,MI  -Carleton - STC - 14511 Romine Road,48117,,NAM,MI,Manufacturing/Plant/Industrial
2418,Taylor,United States,,,MI - Taylor - 12620 Delta Drive,48180,,NAM,MI,Manufacturing/Plant/Industrial
2419,Troy,United States,,,MI  - Troy - 800 Stephenson Highway,48083,,NAM,MI,Office
2422,Farmington,United States,,,MO - Farmington - 4084 Overall Road,63640,,NAM,MO,Residential
2423,Farmington,United States,,,MO - Farmington - 4149 Second Street,63640,,NAM,MO,Residential
2425,Millbury,United States,,,OH - Millbury - 24145 West Moline Martin Road,43447,,NAM,OH,Manufacturing/Plant/Industrial
2435,Richburg,United States,,,SC - Richburg - 610 L & C Railway Dist. Park,29729,,NAM,SC,Manufacturing/Plant/Industrial
2436,Corsicana,United States,,,TX - Corsicana - 3801 South Highway 287,75165,,NAM,TX,Manufacturing/Plant/Industrial
2437,Galax,United States,,,VA - Galax - 110 Jack Guynn Drive,24333,,NAM,VA,Manufacturing/Plant/Industrial
2438,Porto Real,Brazil,,,Brazil - Porto Real - Rua Fernando Bernardelli 2000,27570-000,,LATAM,Rio de Janeiro,Manufacturing/Plant/Industrial
2439,Tatui,Brazil,,,"Brazil - Tatui - Rodovia Estadual SP-129, KM 128.5",18278-725,,LATAM,Sao Paulo,Manufacturing/Plant/Industrial
2440,Tenth of Ramadan City,Egypt,,,"Egypt - Al Sharquia, 10th of Ramadan City, Industrial Area A-1, Egypt",,,EMEA,Al Sharquia,
2441,Karlsruhe,Germany,,,"Germany - Karlsruhe, Am Heegwald 19, 76227 Karlsruhe, Germany",76227,,EMEA,,Warehouse/Storage
2442,Thalheim,Germany,,,"Germany -Thalheim, Guardianstrasse 1, Bitterfeld-Wolfen, D-06766 Thalheim, Germany",6766,,EMEA,,Manufacturing/Plant/Industrial
2444,Irapuato,Mexico,,,Mexico - Irapuato - Avendia Rio San Lorenzo #1921 Parque Technoindustrial Castro del Rio,36810,,LATAM,Guanajuato,Manufacturing/Plant/Industrial
2446,Czestochowa,Poland,,,"Poland - ul. W. Korfantego 31/35, Czestochowa, Poland 42-200",,,EMEA,,
2447,Samora Correia,Portugal,,,"Portugal - Lisbon - Samora Correia - Avda. Egas Moniz, Area de Villafranca de Xira-Porto Alta",,,EMEA,Lisboa,
2448,Vila do Conde,Portugal,,,"Portugal - Fajoxes - Ruan no 6 - Lote 12 - Lugar de Beche, Z.I. Varziela-Mindelo, Fraguesia de Fajoces, Vila de Conde",,,EMEA,,
2449,Ryazan Region,Russian Federation,,,"Russia - Ryazan, Uzhny Promuzel District 17A, 39001 Ryazan Region, Russian Federation",39001,,EMEA,,Manufacturing/Plant/Industrial
2450,Palau De Plegamans,Spain,,,Spain - Barcelona - Palau De Plegamans - Poligono Industrial Riera De Caldes,,,EMEA,Barcelona,
2451,Bergondo,Spain,,,Spain - La Coruna - Bergondo - P.I. Bergondo Parra Guisamo B16,,,EMEA,La Coruna,
2452,Alicante,Spain,,,Spain - Alicante - Avde. de la Industria 13 Apdo 63,3440,,EMEA,,
2453,Ingenio,Spain,,,"Spain-Gran Canaria - Ingenio -  Urbanizacion Industrial Las Majoreras, Los Llanillos 25",,,EMEA,Gran Canaria,Warehouse/Storage
2454,Lliria,Spain,,,Spain - Valencia - Lliria - Carretera Valencia-Ademuz Km 30'5,,,EMEA,Valencia,
2455,Llodio,Spain,,,Spain - Alava - Llodio - Jose Matia No. 36,1400,,EMEA,Alava,
2456,Coslada,Spain,,,"Spain - Madrid - Coslada - Poligono Undustrial Coslada, Illanos de Jerez 26 - Apdo. 185",,,EMEA,Madrid,
2457,Tudela,Spain,,,"Spain - Navarra - Tudela - Poligono Industrial Montes de Cierzo CN 232-KM. 86, Apdo. Correos 366",31500,,EMEA,Navarra,Manufacturing/Plant/Industrial
2459,Dos Hermanos,Spain,,,Spain - Sevilla - Dos Hermanos - Poligono Industrial Carretera La Isla Rio Viejo 60,,,EMEA,Sevilla,
2460,Paterna,Spain,,,"Spain - Valencia - Paterna -  Poligono Industrial Fuentes Del Jarro C/Girbralter, 24 - Aptdo. 56",,,EMEA,Valencia,
2461,Chachoengsao,Thailand,,,"Thailand - Chachoengsao, 353 Moo 7, Tambol Hua Samrong Amphur, Plaeng Yao, Chachoengsao 24190 Thailand",,,APAC,,
2462,Rayong,Thailand,,,"Thailand  Rayong, 116 Moo 3, Nonglalok Sub-District, Bankhai, Rayong, Thailand 21120",,,APAC,,Manufacturing/Plant/Industrial
2463,Saraburi,Thailand,,,"Thailand - Nong Khae, Siam Cement Industrial Estate, 42 Moo 7 Nongplamoh Sub-district, Nongkhae, Saraburi, Thailand 18140",,,APAC,,Manufacturing/Plant/Industrial
2464,Goole,United Kingdom,,,UK - Yorkshire - Goole - Rawcliffe Road,DN14 8GA,,EMEA,East Riding of ,
2465,Puzol,Spain,,,"Spain - Valencia - Puzol - Polfgono Industrial S. P. I., Parcela 14",46530,,EMEA,Valencia,
2467,El Marques,Mexico,,,Mexico - El Marqu?s - Carretera a Chichimequillas Km 9.6 La Griega,,,LATAM,Quer?taro,Manufacturing/Plant/Industrial
2468,Savage,United States,,,MN - Savage - 8720 Eagle Creek Parkway,55378,,NAM,MN,Office
2469,Hudson,United States,44.953439,-92.71937,WI - Hudson - Carmichael Professional Building,54016,,NAM,WI,Office
2472,Wilmington,United States,,,DE - Wilmington - Little Falls Center 1,19808,,NAM,DE,
2473,Houston,United States,,,TX - HOUSTON - NORTHWINDS DRIVE,77041,,NAM,TX,
2475,Overland Park,United States,,,"KS - Overland Park - Cloverleaf Office Park, Building 3",66202,,NAM,KS,
2477,Istanbul,Turkey,,,Turkey - Istanbul - Guardian Office,,,EMEA,,
2482,Oak Bluff,Canada,,,Canada - MB - 36 9 1E North East,,,NAM,MB,
2483,Monee,United States,,,IL - Monee - 5700 Triton Way,60449,,NAM,IL,Manufacturing/Plant/Industrial
2484,Enid,United States,,,OK- Enid - Enid Regional Airport,,,NAM,OK,Agriculture/Land-only
2485,Enid,United States,,,OK - Enid - Pioneer Pleasant Vale Elementary,73701,,NAM,OK,Agriculture/Land-only
2487,Suzhou,China,,,China - Suzhou - Suzhou Industrial Park (Owned Buildings Only),,,APAC,,Manufacturing/Plant/Industrial
2488,XiaoGan,China,,,"China - XiaoGan, Dongshan Seventh Road (Owned Buildings only)",,,APAC,Hubei Province,Manufacturing/Plant/Industrial
2489,Camarillo,United States,,,CA - Camarillo - 759 and 765 Flynn,93012,,NAM,CA,Manufacturing/Plant/Industrial
2490,Chattanooga,United States,,,TN - Chattanooga - Out Parcel A,,,NAM,TN,
2491,Chattanooga,United States,,,TN - Chattanooga - Out Parcel B,,,NAM,TN,
2492,Odessa,United States,,,TX - Odessa - Parcel 1 - 49.76 acres,,,NAM,TX,
2493,Odessa,United States,,,TX - Odessa - Parcel 2 - 17.62 acres,,,NAM,TX,Agriculture/Land-only
2496,Odessa,United States,,,TX - Odessa - Parcel 6 - 105 acres,,,NAM,TX,Agriculture/Land-only
2497,Singapore,Singapore,,,Singapore - Jurong Town - 110 International Road (Land),629174,,APAC,Singapore,Agriculture/Land-only
2498,Menomonie,United States,44.9011584,-91.8624318,WI - Menomonie - 5613 3M Drive,54751,,NAM,WI,Warehouse/Storage
2502,Morehead,United States,,,KY - Morehead - 50 Guardian Lane,40351,,NAM,KY,Warehouse/Storage
2506,Istanbul,Turkey,,,Turkey - Istanbul - Cendere Caddesi Yolu No 13,34408,,EMEA,,Office
2512,Compans,France,,,France-Paris-15 Rue Louis Bleriot,,,EMEA,,Manufacturing/Plant/Industrial
2513,Kyiv,Ukraine,,,Ukraine - Kyiv - 72A Velyka Vasylkivska Street,,,EMEA,,
2514,Evansville,United States,38.028061,-87.538754,IN-Evansville-5401 N US Hwy 41,47711,,NAM,IN,Warehouse/Storage
2515,Munich,Germany,,,Germany-Munich-Bremer Str 11,,,EMEA,,
2516,Ras Al Kaimah,United Arab Emirates,,,United Arab Emirates  - Ras Al Kaimah-Jazirah Al Hamra,,,EMEA,,
2517,Astigarraga,Spain,,,Spain-Astigarraga-Poligono Industrial Ergobia,20115,,EMEA,,
2518,Cadiz,Spain,,,Spain-Cadiz-Poligono Industrial Las Bodegas,11408,,EMEA,,
2519,Cordoba,Spain,,,Spain-Cordoba-Poligono Industrial Las Quemadas,14014,,EMEA,,Manufacturing/Plant/Industrial
2520,Bilbao,Spain,,,"Spain-Vizcaya-C/San Vicente 8, Planta 11, Dpto 7",48001,,EMEA,,Office
2521,Vizcaya,Spain,,,Spain-Vizcaya-P. Empresarial Kareaga Goikoa,,,EMEA,,
2522,Oroshaza,Hungary,,,Hungary - Oroshaza - Csorvasi ut. 31,5900,,EMEA,,
2523,Oroshaza,Hungary,,,Hungary - Oroshaza - Szabadsag ter. 5. I. em. 5,,,EMEA,,
2525,Bucharest,Romania,,,Romania - Bucharest - 122 Calea Serban Voda Business Park,40205,,EMEA,,
2526,Suzhou,China,,,"China - Suzhou - Room 2015, Floor 20, No. 24, Time Square, Suzhou Industrial Park",215000,,APAC,Jiangsu,Office
2532,Clearbrook,United States,47.679609,-95.409359,MN - Clearbrook - 46729 179th Ave.,56634,,NAM,MN,Other
2533,Ibi,Spain,,,Spain - Ibi - Calle Almeria c/ Calle Sevilla  s/n,,,EMEA,,Agriculture/Land-only
2534,Shelton,United States,,,CT - Shelton - 4th floor of tower II,,,NAM,CT,
2535,Moscow,Russian Federation,,,"Russia - Moscow - Myasnitskaya Str. 22,",101000,,EMEA,,
2536,Concord,United States,43.201896,-71.534561,NH - Concord - 45 South Main Street,3301,,NAM,NH,Office
2538,Chadds Ford,United States,,,PA - Chadds Ford - 4 Hillman Drive,19317,,NAM,PA,
2539,Ramadan City,Egypt,,,Egypt - Ramadan City - Villa No. 34,,,EMEA,,
2540,Ramadan City,Egypt,,,Egypt - Ramadan City - Villa No. 35,,,EMEA,,
2542,Dongguan,China,,,"China - Dongguan - Building 1, 4th Floor",523000,,APAC,Guangdong,Warehouse/Storage
2543,Kansas City,United States,,,MO - KANSAS CITY - PLEXPOD WESTPORT,64111,,NAM,MO,Office
2544,Beijing,China,,,CHINA - BEIJING - (Regus) LEI SHING HONG PLAZA,100027,,APAC,,Office
2545,Ripley,United States,,,TN - Ripley - 2483 Highway 209 North,38063,,NAM,TN,Manufacturing/Plant/Industrial
2546,Portageville,United States,,,Mo - Portageville - 101 Meatte Street,63873,,NAM,MO,Manufacturing/Plant/Industrial
2547,Taylor,United States,,,MI - Taylor - 12553 Delta Street,48180,,NAM,MI,Manufacturing/Plant/Industrial
2548,Pune,India,,,INDIA - PUNE - BANER,411045,,APAC,Maharashtra,Office
2549,Dodge City,United States,,,KS - Ford County - Dodge City - 87 acres,,,NAM,KS,Agriculture/Land-only
2550,Eatontown,United States,40.2759035,-74.0487532,NJ - Eatontown - 6 Industrial Way West,7724,,NAM,NJ,Manufacturing/Plant/Industrial
2551,Lehmo,Finland,,,Finland - Lehmo - Lammintie 1,,,EMEA,Kontiolahti,
2553,Galax,United States,,,VA - Galax - 305 Lineberry Road,24333,,NAM,VA,Manufacturing/Plant/Industrial
2555,Suzhou,China,,,"China - Suzhou - No. 130 Weihe Road, Suzhou Industrial Park",,,APAC,Jiangsu,Manufacturing/Plant/Industrial
2556,Mexico City,Mexico,,,MEXICO - MEXICO CITY - BOSQUE DE DURAZNOS 69,6600,,LATAM,,Office
2559,Letterkenny,Ireland,,,IRELAND - LETTERKENNY (BUILDINGS ONLY) - MAIN ASSET,,,EMEA,,
2563,Ankelswar,India,,,"India - Gujarat, Kondk, Taluka (Owned Buildings)",,,APAC,Gujarat,
2565,Bhind,India,,,"India - Ghirongi of Tehsil Gohad, Bhind Districk",477117,,APAC,Madhya Pradesh,Agriculture/Land-only
2567,Ansan,"Korea, Republic of",,,"Korea - Ansan - 705-103,30, Haeyang 1-ro, Sangnok-gu",,,APAC,Gyeonggi,Other
2568,Kunshan,China,,,"China - Kunshan City - No. 456 Yuyang Road,",215300,,APAC,Jiangsu,Manufacturing/Plant/Industrial
2571,Bascharage,Luxembourg,,,Luxembourg - Bascharage - Bommel Street (Leased Land for Bdg 2572),,,EMEA,,
2572,Bascharage,Luxembourg,,,Luxembourg - Bascharage - 8 rue Bommel (Owned Buildings),L-4940,,EMEA,,
2573,Dudelange,Luxembourg,,,Luxembourg - Dudelange - Zone Industrielle Wolser (Owned Buildings),,,EMEA,,
2575,Detroit,United States,,,MI - DETROIT - WEWORK,48226,,NAM,MI,Office
2576,Gothenburg (Goteborg),Sweden,,,SWEDEN - GOTHENBURG,402 77,,EMEA,,
2577,St. James Parish,United States,,,LA - St. James Parish - Yosemite Terminal Land,,,NAM,LA,Agriculture/Land-only
2578,Alberta,Canada,,,Canada - ON - Alberta - 3264 Township Road 511a,,,NAM,ON,
2579,Bridgewater,United States,,,NJ - Bridgewater - 440 US Highway 22,8807,,NAM,NJ,Office
2582,Czestochowa,Poland,,,Poland - Czestochowa - Part Plots 2/552 and 2/555,42-200,,EMEA,,Agriculture/Land-only
2583,Czestochowa,Poland,,,Poland - Czestochowa - Part of Plot 2/556,,,EMEA,,Agriculture/Land-only
2587,Morehead,United States,,,KY - Morehead - 963 Bratton Branch Road,40351,,NAM,KY,Residential
2588,Shanghai,China,,,CHINA - SHANGHAI - 1588 ZHUGUANG ROAD,201799,,APAC,Qingpu District,Office
2589,Chicago,United States,,,IL - CHICAGO - WILLIS TOWER,60606,,NAM,IL,Office
2590,Houston,United States,,,TX - Houston CityNorth4,"77060,",,NAM,TX,
2663,Morehead,United States,,,KY - Morehead - 315 Litton Road,40351,,NAM,KY,Warehouse/Storage
2664,Morehead,United States,38.204823,-83.472126,KY - Morehead - 150 Old Cranston Road,40351,,NAM,KY,Warehouse/Storage
2665,Hudson,United States,,,WI - Hudson - 2200 Carmichael,54016,,NAM,WI,Agriculture/Land-only
2686,Antwerp,Belgium,,,Belgium - Antwerp - Noorderplaats 7,,,EMEA,,
2688,Dudelange,Luxembourg,,,"Luxembourg - Dudelange - N B1-25, 2nd floor Condo B",,,EMEA,Dudelange,
2689,Al-Khobar,Saudi Arabia,,,"Saudi Arabia - Al-Khobar - Office 306, Blue Tower, King Faisal Road",,,EMEA,,
2690,Sao Paulo,Brazil,,,Brazil - Sao Paulo - Campo Belo - Rua Vieira de Moraes,,,LATAM,,
2691,Tirana,Albania,,,"Albania - Tirana - Rruga Budi, banesa nr. 41/1",,,EMEA,,Office
2692,Zacoalco de Torres,Mexico,20.343331,-103.589821,Mexico - Zacoalco de Torres - Centro Logistico Jalisco II,45713,,LATAM,Jalisco,Agriculture/Land-only
2693,Belcrownlaan,Belgium,,,Belgium - Belcrownlaan 13 - 2100 Deurne,,,EMEA,,
2694,Langley,Canada,,,Canada - BC - Langley - 6279 - 202 Street,V2Y1N1,,NAM,BC,
2695,Langley,Canada,,,Canada - BC - Langley - 20215 62nd Avenue,V3A 5E6,,NAM,BC,
2726,Villette-D'Anthon,France,,,France - Lyon - 8 Rue des Emeraudes,38280,,EMEA,,
2727,"Fourways, Johannesbu",South Africa,,,"SOUTH AFRICA - Fourways, Johannesburg - Infinity Business Park",,,EMEA,,
2728,Kingston,Canada,,,Canada - Kingston - Camp Carruthers,,,NAM,ON,
2729,Scott County,United States,,,Iowa - Scott County - Land Lease/Dock,,,NAM,IA,Agriculture/Land-only
2731,Langley,Canada,,,Canada - BC - Langley - 6375 - 202nd Street,V2Y 1N1,,NAM,BC,
2732,Rosemount,United States,,,MN - Rosemount - 1010 158th Street West,55068,,NAM,MN,Manufacturing/Plant/Industrial
2734,Manama,Bahrain,,,BAHRAIN - MANAMA - WORLD TRADE CENTRE (REGUS),346,,EMEA,,Office
2735,New York City,United States,,,NY - NEW  YORK CITY - MANHATTAN,10021,,NAM,NY,
2914,Shanghai,China,,,China - Shanghai - 179 Cailun Road - Building 6,200120,,APAC,Shanghai,Office
2915,Unknown,China,,,China - Shanghai - Nursery Garden / Office,,,APAC,Unknown,Office
2918,Grand Blanc,United States,,,MI - Grand Blanc - 8100 Industrial Park Drive,48439,,NAM,MI,
2919,Bucharest,Romania,,,Romania - Bucharest - 1st District,,,EMEA,1st District,
2920,Poole,United Kingdom,,,"UK - Poole - Fleets Corner, Waterloo Road",BH17 OLA,,EMEA,Dorset,
3081,Rothrist,Switzerland,,,Switzerland - Rothrist - Breitenstrasse 10,4852,,EMEA,,Office
3083,Dallas,United States,,,TX - Dallas - 4900 Singleton,75212,,NAM,TX,Manufacturing/Plant/Industrial
3084,Guangzhou,China,,,CHINA - GUANGZHOU - G.T. Land Plaza Centre,510623,,APAC,Tianhe District,
3096,Irapuato,Mexico,,,Mexico - Irapuato - Av Rio San Lorenzo 783,36810,,LATAM,Guanajuato,Warehouse/Storage
3097,Ann Arbor,United States,,,MI - Ann Arbor - 3550 Green Court,48105,,NAM,MI,Office
3101,Louisville,United States,,,331 South 104th Street Suite-100 and 110,80027,,NAM,CO,
3102,Amposta,Spain,,,"Spain - Tarragona, Amposta - Avenue Logro?o, No. 2, Floor 5,",,,EMEA,Tarragona,Other
3103,Auburn Hills,United States,,,MI - Auburn Hills - 2300 Harmon (Excess Land),48326,,NAM,MI,Agriculture/Land-only
3104,Deer Park,United States,,,1621 Center Street,77536,,NAM,TX,Office
3105,Campinas,Brazil,,,Brazil - Campinas - Swiss Park,13049-900,,LATAM,Sao Paulo,Office
3106,Calgary,Canada,,,"Canada - Alberta - Calgary - 3710, 520 - 3rd Avenue SW",T2P 3Y6,,NAM,AB,
3108,Dallas,United States,,,"TX - Dallas - 2300 N. Field Street, Suite 1675",7501,,NAM,TX,
3109,Washington,United States,,,DC - WASHINGTON - 601 NEW JERSEY,20001,,NAM,DC,
3110,Denver,United States,,,CO - DENVER - SERENDIPITY LABS,80202,,NAM,CO,Office
3113,Zossen,Germany,,,Funkwerk Dabendorf (Laird),15806,,EMEA,,Manufacturing/Plant/Industrial
3114,Nurnberg,Germany,,,Neumeyerstrbe 22-26,90411,,EMEA,,
3115,Bochum,Germany,,,Gewerbepark Bochum,44807,,EMEA,,Manufacturing/Plant/Industrial
3116,Norwich,United States,,,NY - Norwich -  50 O'Hara Drive,13815,,NAM,NY,Manufacturing/Plant/Industrial
3117,Rothrist,Switzerland,,,"Switzerland - Rothrist - alte Borse, Breitenstrasse 10",,,EMEA,,
3145,Redditch,United Kingdom,,,"UK - Redditch - Unit 4A and Unit 10, Empire Court, Prospect Hill",B97 4DA,,EMEA,Worcestershire,
3146,Doha,Qatar,,,QATAR -DOHA - AL SHOUMOUKH TOWERS,,,EMEA,,
3147,Washington,United States,,,DC - WASHINGTON - WILLARD,20004,,NAM,DC,
3148,Shanghai,China,,,CHINA- SHANGHAI - ANLIAN TOWER,200082,,APAC,Shanghai,Office
3151,Waterloo,Canada,,,Canada-ON-Waterloo-Northfield Campus II,N2K 0A8,,NAM,ON,Office
3152,Aachen,Germany,,,Germany-Aachen-PY Building,52068,,EMEA,,
3153,Kerkrade,Netherlands,,,Netherlands-Kerkrade-INVISTA B.V.-Tunnelweg,,,EMEA,,
3155,Bangkok,Thailand,,,Thailand-Bangkok-Bhiraj Tower,10260,,APAC,,Office
3156,Evansville,United States,37.988068,-87.480443,IN-Evansville-1240 N Metro,47715,,NAM,IN,Office
3157,Dalton,United States,34.7560491,-84.9501165,GA-Dalton-950 Riverbend Rd,30721,,NAM,GA,Warehouse/Storage
3160,Evanston,United States,,,IL-Evanston-Industrious,60201,,NAM,IL,
3161,Bangkok,Thailand,,,Thailand-Bangkok-Emporium Tower,10110,,APAC,,Office
3164,Tel Aviv,Israel,,,Israel-Tel Aviv-Round Tower,67021,,EMEA,,
3165,Noida,India,,,India-Noida-Logix Techno Park,201303,,APAC,Uttar Pradesh,Office
3168,Shanghai,China,,,China-Shanghai-Spaces Base Fuxing,201100,,APAC,Huangpu Distric,Office
3172,Beaumont,United States,,,TEXAS-BEAUMONT-EASTEX FREEWAY BUILDING,77708,,NAM,TX,Warehouse/Storage
3173,Houston,United States,,,TEXAS-HOUSTON-10300 TOWN PARK DR.,77072,,NAM,TX,
3174,Landau,Germany,,,GERMANY-LANDAU-WERNER HEISENBERG STR. 13,76829,,EMEA,,
3175,Hilden,Germany,,,GERMANY-HILDEN-Hofstra?e. 64 PARKING,4010,,EMEA,,
3176,Hilden,Germany,,,GERMANY-HILDEN-Hofstra?e 82,40723,,EMEA,,
3177,Shanghai,China,,,CHINA-SHANGHAI-JINSHAN DISTRICT-NO. 13 LANE 16299,16299,,APAC,Jinshan Distric,Office
3178,Friendswood,United States,,,TX-FRIENDSWOOD-1560 W. BAY AREA BLVD.,77546,,NAM,TX,Office
3179,Virum,Denmark,,,"DENMARK-VIRUM-TEKNIKERBYEN 5, 1-15",2830,,EMEA,,
3180,Eschborn,Germany,,,GERMANY-ESCHBORN-ESCHBORN BUSINESS PARK REGUS,65760,,EMEA,,
3181,Colorado Springs,United States,,,COLORADO-COLORADO SPRINGS-EPICENTRAL,80903,,NAM,CO,
3182,Hildesheim,Germany,,,GERMANY-HILDESHEIM-DAIMLERRING 29 & 31,31135,,EMEA,,
3184,New Richmond,United States,,,WI-NEW RICHMOND-243 PAPERJACK DRIVE,54017,,NAM,WI,Warehouse/Storage
3196,Boroa,Spain,,,BOROA-SPAIN-AIC BUILDING,48340,,EMEA,BI,
3197,Mumbai,India,,,MUMBAI-INDIA-NESCO WEWORK,400063,,APAC,Maharashtra,Office
3198,Manama/Sea Front,Bahrain,,,BAHRAIN-MANAMA/SEA FRONT-REGUS UNITED TOWER,346,,EMEA,,
3200,Schiphol-Rijk,Netherlands,,,NETHERLANDS-SCHIPHOL-RIJK-BOEING AVENUE,1119 PD,,EMEA,Haarlemmermeer,
3216,Camilla,United States,,,GA-Camilla-Area A and Area B,31730,,NAM,GA,Agriculture/Land-only
3220,Hong Kong,China,,,"CHINA-HONG KONG-8/F Harbour East, 218 Electric Road",,,APAC,Hong Kong,Office
3221,Farnborough,United Kingdom,,,UK-FARNBOROUGH-REGUS THE HUB,GU14 7JF,,EMEA,Hampshire,
3223,Zhuhai,China,,,Dorm-Hua Fa Xincheng,519060,,APAC,Guangdong,Residential
3224,Ames,United States,,,IA-Ames-ISU Research Park,50010,,NAM,IA,
3225,Cambridge,United Kingdom,,,UK-CAMBRIDGE-VITRUM BUILDING,CB4 0DS,,EMEA,,
3226,Langley,Canada,,,Canada-BC-Langley-6263-202 Street,V2Y 1N1,,NAM,BC,
3227,Yokohama,Japan,,,Japan-Yokohama-WeWork Ocean Gate Minatomirai,2200012,,APAC,Kanagawa,Office
3229,Menomonie,United States,,,WI-Phillips Menomonie Campus-415 Red Cedar,54751,,NAM,WI,Manufacturing/Plant/Industrial
3230,Menomonie,United States,,,WI-Phillips Menomonie Campus-409 Technology Dr.,54751,,NAM,WI,Manufacturing/Plant/Industrial
3231,Menomonie,United States,,,WI-Phillips Menomonie Campus-428 Technology Dr.,54751,,NAM,WI,Manufacturing/Plant/Industrial
3232,Budapest,Hungary,,,HUNGARY-BUDAPEST-SPACES WHITE HOUSE,1134,,EMEA,,
3234,Stockholm,Sweden,,,SWEDEN-STOCKHOLM-GULLFOSSGATAN 3-FAROARNA 3,164 40,,EMEA,,
3236,Burlingame,United States,,,CA-BURLINGAME: 870-880 MITTEN AVE,94010,,NAM,CA,
3237,Frisco,United States,,,TX-FRISCO-2401 INTERNET BLVD,75034,,NAM,TX,
3238,Santa Clara,United States,,,CA-SANTA CLARA-4699 OLD IRONSIDES DRIVE,95054,,NAM,CA,
3243,Calgary,Canada,51.1061766,-114.0377571,Canada-Calgary-999 57 Avenue NE,T2E 7Z4,,NAM,AB,Other
3244,North Vancouver,Canada,,,Canada-North Vancouver-2433 Dollarton Highway,V7H 0A1,,NAM,BC,Office
3245,Kansas City,United States,,,Industrious KC Country Club Plaza,64112,,NAM,MO,Office
3248,North Vancouver,Canada,49.315686,-123.0922141,Canada-North Vancouver-40 Gostick Place,V7M 3G3,,NAM,BC,Office
3250,Garfield County,United States,,,OK-Garfield County-Parcel of Land,73701,,NAM,OK,Agriculture/Land-only
3251,El Salto,Mexico,,,Mexico - El Salto - Circuito de la Productividad Norte #138,45690,,LATAM,Jalisco,Other
3252,El Salto,Mexico,,,Mexico - El Salto - Privada Montenegro #670,45690,,LATAM,Jalisco,Warehouse/Storage
3253,Ichikawa,Japan,,,Japan-Ichikawa-2554-17 Hongyotuko,272-0103,,APAC,,
3273,Bangalore,India,,,"India - Bangalore - Kundalahalli Village, K R Puram Hobli",560066,,APAC,Karnataka,Office
3274,Eau Claire,United States,,,WI - Eau Claire - 1935 Truax Boulevard,54703,,NAM,WI,Warehouse/Storage
3275,Sterlington,United States,,,LA - Sterlington - 268 Solvent Avenue,71280,,NAM,LA,Manufacturing/Plant/Industrial
3276,Fukuoka,Japan,,,Japan - Fukuoka - 1630-12Mukuouda Shimencho ooaza Kasuya-gun Fukuoka,,,APAC,,Warehouse/Storage
3277,Tsing Yi,Hong Kong S. A. R.,,,Hong Kong - Tsing Yi - 8-12 Tsing Tim Street,24366927,,APAC,,Warehouse/Storage
3278,Shanghai,China,,,China - Shanghai - No.99 Hang Cheng Road,200131,,APAC,,Warehouse/Storage
3279,Vitacura,Chile,,,Chile - Vitacura - Av. Presidente Kennedy 5770,7560356,,LATAM,Regi?n Metropol,Office
3280,Malaga,Spain,,,Spain - Eduardo Queipo de Llano Caballero 1,29004,,,,
3281,,Singapore,,,Singapore - 28 Tuas Ave 13,638994,,APAC,,Other
3282,Banglore,India,,,India - Banglore - No.86 Koruloor Village,560067,,APAC,Karnataka,Other
3283,,Malaysia,,,Malaysia,,,APAC,,Other
