record_id,completed_on,description,is_milestone,is_milestone_flag,milestone_description,milestone_due_on,milestone_id,milestone_name,milestone_number,milestone_parent_id,name,number,task_due_on,task_start_on,task_status_category
task-1,1234455, a) IPM schedules meeting with client and TM to review market survey and obtain client feedback.  <br>b) TM develops shortlist of alternatives reflecting client feedback., false, No, null, null,563112, null, null,563106, Shortlist alternatives,1.6,1548741600,1548136800, Not Completed
task-1,1234455, [M3]<br>[OVP 2.3] <br>a) TM assists local broker in developing draft RFPs per client approved format and submits to landlord's broker<br>, true, No, Prepare & send RFP,1551160800,563115, M3,3,563114, Prepare & send RFP,2.1,1551160800,1550556000, Not Completed
task-1,1234455, TM changes transaction status in CREM to complete after submitting metrics scorecard, false, No, null, null,563127, null, null,563125, Change transactions status to complete in CREM,3.2,1567141200,1567054800, Not Completed
task-1,1234455, null, null, Yes, null, null,563106, null, null,0, Phase 1,1,1550556000,1534222800, Not Completed
task-1, null, [M5]<br>Date when CLAR Submitted<br>, true, No, Prepare Business case (CLAR) and recommendations,1557378000,563121, M5,5,563114, Prepare Business case (CLAR) and recommendations,2.7,1557378000,1556773200, Not Completed
task-1, null, a) IP  schedules kickoff meeting and distributes team roster with roles & responsibilities; timeline;  TM partakes<br>b) IPM takes minutes of meeting and distributes to project team members including client., false, No, null, null,563110, null, null,563106, Prepare & conduct Transaction Kickoff meeting,1.4,1546927200,1546322400, Not Completed