record_id,actual_cost_AUD,actual_cost_EUR,actual_cost_GBP,actual_cost_USD,cost_category,cost_type,fiscal_year
annual_cost-1,144789.52,87779.11,79121.875,103853.56,Base Rent,BASE RENT,2020
annual_cost-1,58298.383,35343.58,31857.812,41815.836,Base Rent,BASE RENT,2021
annual_cost-2,2305,1570.9796,1374.6904,3346.814, Real Estate Taxes, Council Rates,2021
annual_cost-2,3300,2249.125,1968.1035,4791.534, CAM/Op Ex, Other Outgoings,2021
annual_cost-2,72.68,49.53527,43.34599,105.52991, Real Estate Taxes, Water Rates,2021
annual_cost-2,632.18,430.86417,377.029,917.9127, Utility, Utilities,2021
annual_cost-2,38331.99,26125.283,22861.008,55657.28, Base Rent, Base Rent,2021
annual_cost-2,2028.68,1382.653,1209.8947,2945.6028, CAM/Op Ex, Operational Outgoings,2021
annual_cost-3,2305,1570.9796,1374.6904,3346.814, Real Estate Taxes, Council Rates,2021
annual_cost-3,3300,2249.125,1968.1035,4791.534, CAM/Op Ex, Other Outgoings,2021
annual_cost-3,72.68,49.53527,43.34599,105.52991, Real Estate Taxes, Water Rates,2021
annual_cost-3,632.18,430.86417,377.029,917.9127, Utility, Utilities,2021
annual_cost-3,38331.99,26125.283,22861.008,55657.28, Base Rent, Base Rent,2021
annual_cost-3,2028.68,1382.653,1209.8947,2945.6028, CAM/Op Ex, Operational Outgoings,2021
annual_cost-4,2305,1570.9796,1374.6904,3346.814, Real Estate Taxes, Council Rates,2021
annual_cost-4,3300,2249.125,1968.1035,4791.534, CAM/Op Ex, Other Outgoings,2021
annual_cost-4,72.68,49.53527,43.34599,105.52991, Real Estate Taxes, Water Rates,2021
annual_cost-4,632.18,430.86417,377.029,917.9127, Utility, Utilities,2021
annual_cost-4,38331.99,26125.283,22861.008,55657.28, Base Rent, Base Rent,2021
annual_cost-4,2028.68,1382.653,1209.8947,2945.6028, CAM/Op Ex, Operational Outgoings,2021
annual_cost-5,2305,1570.9796,1374.6904,3346.814, Real Estate Taxes, Council Rates,2021
annual_cost-5,3300,2249.125,1968.1035,4791.534, CAM/Op Ex, Other Outgoings,2021
annual_cost-5,72.68,49.53527,43.34599,105.52991, Real Estate Taxes, Water Rates,2021
annual_cost-5,632.18,430.86417,377.029,917.9127, Utility, Utilities,2021
annual_cost-5,38331.99,26125.283,22861.008,55657.28, Base Rent, Base Rent,2021
annual_cost-5,2028.68,1382.653,1209.8947,2945.6028, CAM/Op Ex, Operational Outgoings,2021
annual_cost-6,2305,1570.9796,1374.6904,3346.814, Real Estate Taxes, Council Rates,2021
annual_cost-6,3300,2249.125,1968.1035,4791.534, CAM/Op Ex, Other Outgoings,2021
annual_cost-6,72.68,49.53527,43.34599,105.52991, Real Estate Taxes, Water Rates,2021
annual_cost-6,632.18,430.86417,377.029,917.9127, Utility, Utilities,2021
annual_cost-6,38331.99,26125.283,22861.008,55657.28, Base Rent, Base Rent,2021
annual_cost-6,2028.68,1382.653,1209.8947,2945.6028, CAM/Op Ex, Operational Outgoings,2021
annual_cost-7,2305,1570.9796,1374.6904,3346.814, Real Estate Taxes, Council Rates,2021
annual_cost-7,3300,2249.125,1968.1035,4791.534, CAM/Op Ex, Other Outgoings,2021
annual_cost-7,72.68,49.53527,43.34599,105.52991, Real Estate Taxes, Water Rates,2021
annual_cost-7,632.18,430.86417,377.029,917.9127, Utility, Utilities,2021
annual_cost-7,38331.99,26125.283,22861.008,55657.28, Base Rent, Base Rent,2021
annual_cost-7,2028.68,1382.653,1209.8947,2945.6028, CAM/Op Ex, Operational Outgoings,2021
