record_id,action,effective_on,performed_by,reason,comment
activity-1,Flagged,1552006800000,"Jones, Keith",NTE ISSUE ACTION REQUIRED,"Need NTE increase to $600.00 to order trash can per request of FM.  The true cost of the trash can is $471.15, it come to 500.60 with taxes."
activity-1,Flagged,1562006800000,"Jones, Keith",Message Received,Sent by Sarah Main: will be received on 12/3
activity-1,Flag Cleared,1562125500000,Sara Vulcano,Message Received,Sent by Sarah Main: will be received on 12/3
activity-2,Flagged,1552006800000,Debra Lee,Action Required,Need NTE increase to $1500.00 to order cleaning equipment
activity-2,Flag Cleared,1562125500000,Sara Vulcano,Message Received,Sent by Debra: will be received on 12/3